（親）ASIN,（子）ASIN,タイトル,SKU,セッション数 - 合計,セッション数 - 合計 - B2B,セッション率 - 合計,セッション率 - 合計 - B2B,ページビュー - 合計,ページビュー - 合計 - B2B,ページビュー率 - 合計,ページビュー率 - 合計 - B2B,おすすめ出品（おすすめ商品）の獲得率,おすすめ出品（おすすめ商品）の獲得率 - B2B,注文された商品点数,注文点数 - B2B,ユニットセッション率,ユニットセッション率 - B2B,注文商品の売上額,注文商品の売上額 - B2B,注文品目総数,注文品目総数 - B2B
B0H7437XRV,B0H7437XRV,【セット品】アイスノン シャツミスト ICE KING 本体300ml＋詰替280ml セット 白元アース 冷感スプレー 衣類用 消臭 除菌 瞬間冷却 暑さ対策 熱中症対策 通勤 通学 スポーツ 作業着 アウトドア 大容量セット,b09tdkbh5f,"2,175",52,0.34%,0.84%,"2,767",65,0.30%,0.74%,98.70%,100.00%,137,9,6.30%,17.31%,"￥391,360","￥24,820",130,5
B0GSQGD2Z6,B0GSQDYTFZ,クーリア シール ボンボンドロップシール すいーつボンボン 01215,pr_1296040_20260704_31478674_0001,"21,368",49,3.36%,0.79%,"27,739",71,2.97%,0.81%,22.65%,17.78%,92,2,0.43%,4.08%,"￥85,199","￥1,900",86,1
B0DPFPJ7XD,B0DPFPJ7XD,チャオ ちゅーる 1歳までの子ねこ用バラエティ 3種アソート 40本 （オリジナルおしぼりセット）猫用 キャットフード,AN-6RDB-97UY,722,6,0.11%,0.10%,933,9,0.10%,0.10%,99.77%,100.00%,88,2,12.19%,33.33%,"￥246,224","￥5,596",83,2
B0H38NZN4X,B0H38NZN4X,【まとめ買い】熱中対策 シャツクール 冷感ストロング 詰替用 250ml×4個セット ＋ オリジナルスパウトパウチ付き 冷感スプレー 衣類用 ひんやり 冷却スプレー 熱中症対策 暑さ対策 汗対策 消臭 通勤 通学 作業着 アウトドア,88-70W1-XZMJ,851,23,0.13%,0.37%,"1,147",25,0.12%,0.29%,99.42%,100.00%,97,16,11.40%,69.57%,"￥271,060","￥47,680",78,8
B0H7PDFT1Q,B0H7PDFT1Q,【セット品】小林製薬 熱中対策 シャツクール 冷感ストロング 本体100ml+詰替250ml 衣類用冷感スプレー 衣類にスプレーするだけ 汗をかくたびひんやり持続 消臭 除菌 暑さ対策 通勤 通学 スポーツ 屋外作業,JE-7JGP-O8IA,680,19,0.11%,0.31%,888,23,0.10%,0.26%,99.00%,100.00%,54,3,7.94%,15.79%,"￥104,520","￥5,740",53,3
B0H2W8TN9T,B0H2W8TN9T,【まとめ買い】ロッシモイストエイド 馬油ナチュラルミルクローション 485ml×4個 オリジナルスパウトパウチ付き 大容量 ボディミルク 保湿 乾燥肌 全身用 家族用 ポンプタイプ スキンケア (4),HR-ZDMA-9O7N,354,10,0.06%,0.16%,513,17,0.05%,0.19%,99.78%,100.00%,62,16,17.51%,160.00%,"￥221,960","￥57,280",50,7
B0GSQGD2Z6,B0GSQHT9VX,クーリア シール ボンボンドロップシール うぃっしゅボンボン 01214,pr_1296040_20260704_31478669_0001,"22,954",61,3.61%,0.98%,"29,251",77,3.13%,0.88%,14.49%,11.86%,47,1,0.20%,1.64%,"￥42,999",￥950,46,1
B00NOXLDH4,B00NOXLDH4,日本カルシウム工業 冷水筒浄水パック 水道水の塩素・カルキを99%カット アルカリイオン水が簡単,pr_1296040_20260108_29191932_0001,607,5,0.10%,0.08%,918,6,0.10%,0.07%,54.94%,75.00%,58,0,9.56%,0.00%,"￥98,666",￥0,43,0
B0F746FDX1,B0DNTM1LPB,マルカン インコのおやつ かじりま専科 ２本入り 鳥 おやつ スナック・ビスケット (３袋),N7-TSZM-WM23,199,2,0.03%,0.03%,266,3,0.03%,0.03%,100.00%,100.00%,46,0,23.12%,0.00%,"￥68,908",￥0,43,0
B0FM44VB6Z,B0FL297CY2,クーリア シールバインダー とうめいシールバインダー クリア 01065,pr_1296040_20260330_30175449_0001,"1,956",7,0.31%,0.11%,"2,989",7,0.32%,0.08%,39.43%,0.00%,46,0,2.35%,0.00%,"￥55,900",￥0,43,0
B0C2C8K5DR,B0C2C8K5DR,チャオ (CIAO) ピュアちゅ~る まぐろバラエティ 14g×20本 猫用おやつ,pr_1296040_20250614_26607983_0001,239,2,0.04%,0.03%,318,3,0.03%,0.03%,30.66%,33.33%,56,0,23.43%,0.00%,"￥54,150",￥0,36,0
B0F8BCMYPC,B0F8BCMYPC,【公式】ICY ZAP アイシーザップ クーリングスクエアパック クールフェイスパック 部分用マスク CICAエクソソーム メントールフリー,pr_1296040_20260506_30678663_0001,"2,576",9,0.41%,0.14%,"3,579",20,0.38%,0.23%,11.06%,0.00%,48,0,1.86%,0.00%,"￥57,776",￥0,36,0
B0BW9D1GCL,B0BW9D1GCL,チャオ (CIAO) ちゅ~るごはん まぐろバラエティ 14g×20本 猫用おやつ,pr_1296040_20250614_26607517_0001,248,2,0.04%,0.03%,301,2,0.03%,0.02%,57.75%,100.00%,49,0,19.76%,0.00%,"￥65,205",￥0,32,0
B0FCBGT5FS,B0FCBGT5FS,【セット品】 いなば チャオ こだわり焼かつおディナー 4種 アソート 国産 30g×16袋 猫用 パウチ キャットフード バラエティセット,40-U4OH-0ZIW,325,2,0.05%,0.03%,414,2,0.04%,0.02%,99.22%,100.00%,42,0,12.92%,0.00%,"￥91,560",￥0,32,0
B0G1H9B4K2,B0DGQQH4TT,アース・ペット スタミノール 食欲がない時に 犬・猫用 100g,YW-8Q00-H7PB,91,2,0.01%,0.03%,127,3,0.01%,0.03%,74.56%,100.00%,43,0,47.25%,0.00%,"￥78,938",￥0,31,0
B08HSVSK27,B07PJHGNPY,【公式】 コスメテックスローランド ラテボタニカル クレンズジェル 300ml クレンジング ジェル 洗顔 メイク落とし 保湿,pr_1296040_20260713_31611967_0001,203,4,0.03%,0.06%,329,6,0.04%,0.07%,46.31%,0.00%,34,0,16.75%,0.00%,"￥57,912",￥0,30,0
B0GXMW1CHQ,B0GXMW1CHQ,ゴン太の歯磨き専用ガムSSサイズ L8020乳酸菌入り 3種 アソート 120g ×3個セット 国産品,FN-IYIY-GY9L,150,2,0.02%,0.03%,204,2,0.02%,0.02%,98.90%,0.00%,31,1,20.67%,50.00%,"￥46,438","￥1,498",30,1
B0D1P44HT9,B0D1P44HT9,エクセル 乳酸菌生成エキス コスモスラクト バード 30ml 鳥用 サプリ 綿棒付き,OC-UGNR-32XG,130,0,0.02%,0.00%,216,0,0.02%,0.00%,100.00%,0.00%,33,0,25.38%,0.00%,"￥78,870",￥0,29,0
B0F9FD5B54,B0F9FD5B54,【セット品】サンライズ ゴン太の歯磨き専用おやつ 鶏アキレス 50g ×３袋セット 犬用おやつ ハミガキ,77-L6ID-CKEB,90,1,0.01%,0.02%,115,1,0.01%,0.01%,100.00%,100.00%,34,0,37.78%,0.00%,"￥40,120",￥0,29,0
B0H7R5YVM7,B0H7R5YVM7,【まとめ買い】はだまも お肌の虫よけミスト 200ml×3個セット 虫よけスプレー ディート無配合 イカリジン配合 お肌にやさしい ミストタイプ 4種のうるおい成分配合 家族で使える アース製薬,B0DTPHK44D-3,501,25,0.08%,0.40%,615,30,0.07%,0.34%,99.29%,100.00%,33,3,6.59%,12.00%,"￥99,457","￥8,340",29,2
B0F746FDX1,B0DNTLXPQ5,マルカン インコのおやつ かじりま専科 ２本入り 鳥 おやつ スナック・ビスケット (２袋),7O-FN6D-SNQ7,181,1,0.03%,0.02%,228,1,0.02%,0.01%,98.10%,0.00%,30,2,16.57%,200.00%,"￥35,400","￥2,360",28,1
B0F937NTLY,B0F937NTLY,【公式】ICY ZAP アイシーザップ クーリングスカルプセラム サマーシャーベットの香り 暑さ対策 お風呂上りドライヤー 頭ひんやり 冷感 汗対策100mL,pr_1296040_20260506_30678654_0001,"1,230",2,0.19%,0.03%,"1,714",2,0.18%,0.02%,29.03%,50.00%,28,0,2.28%,0.00%,"￥35,032",￥0,26,0
B0DQ7VK36R,B0DQ7VK36R,デビフ dbf おさんぽくん ササミ と 鶏肉&レバー 60g(15g×4袋) ×４袋セット 犬用 おやつ 2種 アソート,4970501033585-4970501033592,86,1,0.01%,0.02%,119,1,0.01%,0.01%,100.00%,100.00%,32,3,37.21%,300.00%,"￥45,847","￥4,295",25,2
B0D847F8R3,B0D1XWHPKJ,ロイヤルカナン ヘアボール ケア 毛玉が気になる成猫用 400g 便秘 栄養 (1),pr_1296040_F_20240515_20942635_0001,118,1,0.02%,0.02%,181,1,0.02%,0.01%,100.00%,100.00%,30,0,25.42%,0.00%,"￥58,600",￥0,24,0
B0H2W39TW1,B0H2W39TW1,【まとめ買い】潤素肌 薬用和ハッカ 水ミスト 250mL×6個 オリジナルスパウトパウチ付き 化粧水 ミスト ハッカ クール 保湿 顔 ボディ 全身用 夏用 冷感 スプレー 薬用,9P-8PHK-967H,167,1,0.03%,0.02%,257,1,0.03%,0.01%,99.56%,100.00%,24,0,14.37%,0.00%,"￥98,720",￥0,24,0
B0FL6WTK7G,B0FL6WTK7G,【セット品】 いなば 鶏づくし とりささみ 5種 (180ｇ×5袋) 合計5袋セット 猫 キャットフード ウェット ゼリー おやつ 小分け パウチ アソート 水分補給,3Y-N24A-UK0M,195,1,0.03%,0.02%,237,2,0.03%,0.02%,97.76%,0.00%,24,0,12.31%,0.00%,"￥52,320",￥0,23,0
B0H73ZGBR3,B0H73ZGBR3,【まとめ買い】アイスノン 頭を冷やすスプレーGOLD 95g×3個セット 白元アース 冷却スプレー 頭皮用 冷感スプレー 強力クール 暑さ対策 汗対策 通勤 通学 スポーツ 屋外作業 熱中症対策 まとめ買い,L7-YRY6-S0BM,351,17,0.06%,0.27%,432,21,0.05%,0.24%,99.26%,100.00%,30,10,8.55%,58.82%,"￥75,000","￥25,200",23,6
B0FV7TS5Y7,B0FV7TS5Y7,【5種セット】 いなば トッパーまぜて ちゅ〜るボール (まぐろ/かつお/とりささみ/まぐろかつお節味/とりささみ本格だし) 猫 おやつ キャットフード アソート まとめ買い,Y6-E9R0-IBVJ,132,1,0.02%,0.02%,165,1,0.02%,0.01%,99.33%,100.00%,27,0,20.45%,0.00%,"￥39,960",￥0,22,0
B0FDGC838R,B0FDGC838R,【セット品】いなば 魚づくし まぐろ・かつお 6種 アソート (60ｇ×3袋) 合計６袋セット 猫 パウチ おやつ ウェット キャット フード,AX-TLFG-J5IY,136,1,0.02%,0.02%,185,1,0.02%,0.01%,97.55%,100.00%,32,2,23.53%,200.00%,"￥69,760","￥4,360",20,2
B0H2RF5V5S,B0H2RF5V5S,【まとめ買い】Bioré ビオレ 冷タオル 無香性 5本入×5セット 計25本 ＋ オリジナルスパウトパウチ付き 冷感タオル 個包装 大容量 汗拭きシート クールタオル 暑さ対策 熱中症対策 スポーツ 通勤 通学 レジャー (25本),IB-0HP8-NVUP,168,15,0.03%,0.24%,210,20,0.02%,0.23%,100.00%,100.00%,29,6,17.26%,40.00%,"￥91,420","￥19,880",20,4
B0H6XNRDNZ,B0H6XNRDNZ,【セット品】アース モンスーン 虫よけ線香 ラベンダーの香り 100巻 + 保存缶セット 専用保存缶付き 線香立て付き 長時間燃焼 約7時間 キャンプ アウトドア BBQ ベランダ 庭 農作業 屋外用 虫よけ アース製薬,SET-0004,600,5,0.09%,0.08%,706,6,0.08%,0.07%,99.38%,100.00%,20,0,3.33%,0.00%,"￥98,800",￥0,20,0
B0FL244HK2,B0FL244HK2,【セット品】 いなば ちゅ～る トッパー ドライ 3種 (180g×3) 合計３袋セット 犬用 おやつ ドックフード アソート,4P-S07Q-OVHK,153,0,0.02%,0.00%,212,0,0.02%,0.00%,100.00%,0.00%,19,0,12.42%,0.00%,"￥28,462",￥0,19,0
B0GTNG6XZR,B0GTNJ2KMW,クーリア バインダー キラキラシールバインダー リボン 01279,pr_1296040_20260709_31556623_0001,714,3,0.11%,0.05%,"1,312",4,0.14%,0.05%,36.25%,0.00%,24,0,3.36%,0.00%,"￥14,340",￥0,19,0
B0H6XVG97Y,B0H6XVG97Y,【6袋セット】ビオレ 子どもも使える冷タオル 5枚入×6袋 ノンアルコール 無香性 首かけ46cm 個包装 熱中対策 冷却タオル 暑さ対策 通学 通勤 アウトドア 花王,B0H6XVG97Y-6,339,29,0.05%,0.47%,455,46,0.05%,0.52%,95.02%,81.40%,24,7,7.08%,24.14%,"￥120,720","￥35,160",19,3
B003GYQGXM,B003GYQGXM,ロイヤルカナン FHN エクシジェント トライアルセット 猫用 120g×3種,pr_1296040_20260119_29309089_0001,821,5,0.13%,0.08%,"1,129",5,0.12%,0.06%,12.39%,0.00%,22,0,2.68%,0.00%,"￥28,160",￥0,18,0
B0D9XP3W5N,B0D9XP3W5N,【2個セット】アイスノン ICE KING 極冷えボディミスト 金木犀の香り 150mL×2個 冷却ミスト ボディ用 夏 保冷 スポーツ 熱中症,pr_1296040_20260530_31008859_0001,412,8,0.06%,0.13%,547,9,0.06%,0.10%,77.99%,87.50%,23,8,5.58%,100.00%,"￥52,440","￥18,240",18,4
B0DKSKVX6D,B0DKSXGXNZ,ドクターズチョイス おいしい納豆菌 ふりかけタイプ 80g (2袋),8I-LUJD-9XT8,97,1,0.02%,0.02%,127,1,0.01%,0.01%,100.00%,0.00%,18,0,18.56%,0.00%,"￥41,040",￥0,18,0
B0GSQHLGMX,B0GSQCH6LW,クーリア シール ボンボンドロップシール パールベール ほわいとボンボン 01218,pr_1296040_20260709_31555724_0001,"4,951",18,0.78%,0.29%,"6,285",18,0.67%,0.21%,16.57%,28.57%,19,0,0.38%,0.00%,"￥18,900",￥0,18,0
B0H7C9RK42,B0H7C9RK42,【まとめ買い】ロッシモイストエイド 馬油ナチュラルミルクローション 485ml×2個オリジナルスパウトパウチ付き 大容量 ボディミルク 保湿 乾燥肌 全身用 家族用 ポンプタイプ スキンケア (2),4Q-BEQ3-8O4U,141,3,0.02%,0.05%,181,3,0.02%,0.03%,100.00%,100.00%,23,5,16.31%,166.67%,"￥50,140","￥10,900",18,1
B07QVDPL2Q,B07QVDPL2Q,ミツエイ WHITE FRAGRANCE MUSK 衣料用 柔軟剤 ムスク ふんわり 静電気防止,pr_1296040_20260524_30934179_0001,651,5,0.10%,0.08%,831,9,0.09%,0.10%,21.64%,0.00%,19,0,2.92%,0.00%,"￥25,538",￥0,17,0
B0GSQHLGMX,B0GSQ9JR8M,クーリア シール ボンボンドロップシール パールベール きらめきボンボン 01217,pr_1296040_20260709_31555805_0001,"2,660",14,0.42%,0.22%,"3,395",19,0.36%,0.22%,30.06%,42.11%,21,1,0.79%,7.14%,"￥15,750",￥750,17,1
B0DQ7ZX95D,B0DQ7ZX95D,デビフ おさんぽくん ササミ シニア犬用 60g（小分けパック15g×4袋入） ×4袋セット 犬用 おやつ,4970501033608,53,1,0.01%,0.02%,68,1,0.01%,0.01%,98.31%,0.00%,18,0,33.96%,0.00%,"￥25,101",￥0,16,0
B0GSQHLGMX,B0GSQJXS8J,クーリア シール ボンボンドロップシール パールベール よるえなボンボン 01220,pr_1296040_20260709_31555756_0001,"2,770",10,0.44%,0.16%,"3,477",14,0.37%,0.16%,39.30%,33.33%,16,0,0.58%,0.00%,"￥17,600",￥0,16,0
B0GZ3JF5XW,B07Q5846PR,INTEX(インテックス) 空気入れ ポンプ AC エレクトリックポンプ 100V 66639 [日本正規品],pr_1296040_20250825_27604387_0001,"7,880",81,1.24%,1.30%,"13,091",128,1.40%,1.46%,3.91%,5.49%,15,2,0.19%,2.47%,"￥40,392","￥5,373",15,2
B0GSQGJVRH,B0GSQHDKNZ,クーリア シール キラシャカジュエリーシール きらりんエナガマーチ 01210,pr_1296040_20260709_31555933_0001,"1,170",7,0.18%,0.11%,"1,598",14,0.17%,0.16%,22.08%,38.46%,15,0,1.28%,0.00%,"￥8,048",￥0,15,0
B0H2VXSDD1,B0H2VXSDD1,【まとめ買い】Bioré ビオレ 冷タオル 無香性 5本入×4セット 計20本 ＋ オリジナルスパウトパウチ付き 冷感タオル 個包装 大容量 汗拭きシート クールタオル 暑さ対策 熱中症対策 スポーツ 通勤 通学 レジャー (20本),ZD-EWSU-7Q81,114,10,0.02%,0.16%,134,13,0.01%,0.15%,98.44%,100.00%,23,7,20.18%,70.00%,"￥60,540","￥18,860",15,4
B0FL5BF3VN,B0FL5BF3VN,【4種セット】にゃんspoon 2種のアソート (10g×4本入り) 4種セット 猫用 おやつ にゃんスプーン まとめ買い お試し 猫のおやつ,pr_1296040_20260329_30160722_0001,119,0,0.02%,0.00%,148,0,0.02%,0.00%,72.54%,0.00%,18,0,15.13%,0.00%,"￥24,640",￥0,14,0
B0DK4YLCP9,B004VK3CH8,ペティオ (Petio) プレシャンテ ダブルラバーブラシ ペット用,pr_1296040_20260115_29264032_0001,288,8,0.05%,0.13%,382,9,0.04%,0.10%,84.23%,100.00%,13,0,4.51%,0.00%,"￥18,984",￥0,13,0
B00XTAQGZG,B00XTAQGZG,アース製薬 サラテクト 無香料 400ml 3本セット 【防除用医薬部外品】 蚊 虫除けスプレー 大型 大容量,pr_1296040_20260705_31492490_0001,270,87,0.04%,1.40%,355,115,0.04%,1.31%,14.37%,21.90%,20,19,7.41%,21.84%,"￥68,850","￥65,170",13,12
B0GF8Y6V95,B01CNBX6X6,日本カルシウム工業 ペットボトル用浄水器 クリスタルH2O 1個入,pr_1296040_20250901_27678799_0001,396,3,0.06%,0.05%,587,3,0.06%,0.03%,49.71%,100.00%,14,0,3.54%,0.00%,"￥13,580",￥0,13,0
B0F2J24Y1R,B09C7LPC7M,肌ラボ 極潤 薬用ハリ化粧水 エイジングケア 【医薬部外品】 無香料 170ml,pr_1296040_20251120_28635041_0001,"5,189",48,0.82%,0.77%,"7,437",62,0.80%,0.71%,0.12%,0.00%,20,0,0.39%,0.00%,"￥28,164",￥0,13,0
B0CL8X9PD4,B0CBLKLGX7,肌美精 【医薬部外品】 CHOI クレンジングオイル 薬用 ニキビケア 詰め替え 130ml | W洗顔不要 マツエクok クレンジング メイク落とし スキンケア 肌荒れ 殺菌 消炎 毛穴 角質 角栓 黒ずみ,pr_1296040_20250910_27776131_0001,246,0,0.04%,0.00%,299,0,0.03%,0.00%,17.44%,0.00%,15,0,6.10%,0.00%,"￥16,200",￥0,13,0
B0DGQMZZQZ,B0DGQLX4K1,ニチドウ Dr.PRO. ドクター・プロ ベビーミルクスーパーIGP 幼猫用 100g （オリジナルおしぼり付） (1個),LU-PGSW-4F8D,56,0,0.01%,0.00%,82,0,0.01%,0.00%,100.00%,0.00%,16,0,28.57%,0.00%,"￥33,280",￥0,13,0
B0DGQMZG4Y,B0DGQMZG4Y,アース・ペット スタミノール S 食欲がない時に 33g 犬・猫用,AN-GW4B-XYQF,144,0,0.02%,0.00%,186,0,0.02%,0.00%,96.57%,0.00%,13,0,9.03%,0.00%,"￥15,340",￥0,13,0
B0DQ83K574,B0DQ83K574,デビフ おすわりくん ササミ ７５ｇ ×４袋セット 犬用 おやつ,4970501033516-4,43,1,0.01%,0.02%,59,1,0.01%,0.01%,100.00%,100.00%,15,0,34.88%,0.00%,"￥18,200",￥0,13,0
B0FH7137W6,B0FH7137W6,【セット品】ペットライン 懐石 2つのごほうび 6種セット 総合栄養食 国産 小分けタイプ 650g ×6個 アソート バラエティ キャットフード ドライ 大容量 まとめ買い 猫用 おやつ,EI-RBC3-HZC5,191,4,0.03%,0.06%,237,4,0.03%,0.05%,100.00%,100.00%,12,1,6.28%,25.00%,"￥74,160","￥6,180",12,1
B0FVF8NVDL,B0FVF8NVDL,【詰め替えセット】トゥルースト バイエスフリー酸熱TR (シャンプー ＆ トリートメント) 各400ml ダメージ補修 ヘアケア,XB-NJW9-U771,64,0,0.01%,0.00%,85,0,0.01%,0.00%,98.70%,0.00%,14,0,21.88%,0.00%,"￥27,720",￥0,12,0
B0BZVZRJM8,B0743GXHY6,ビオレu 【大容量】 つめかえ用4回分 1.35リットル (x 1),pr_1296040_20260715_31629780_0001,574,19,0.09%,0.31%,721,23,0.08%,0.26%,9.37%,10.00%,12,0,2.09%,0.00%,"￥14,280",￥0,11,0
B0BW99XDFZ,B0BW99XDFZ,チャオ (CIAO) ちゅ~るごはん とりささみバラエティ 14g×20本 猫用おやつ,pr_1296040_20250718_27225338_0001,160,2,0.03%,0.03%,206,2,0.02%,0.02%,38.58%,100.00%,19,0,11.88%,0.00%,"￥26,220",￥0,11,0
B0DK8FSKVP,B0DJ36NJ7G,サンライズ ゴン太の歯磨き専用ガムSSサイズ L8020乳酸菌入り クロロフィル入り 低脂肪 120g 3袋セット(90本),UJ-G1WI-QH6T,39,0,0.01%,0.00%,49,0,0.01%,0.00%,87.23%,0.00%,11,0,28.21%,0.00%,"￥16,280",￥0,11,0
B0DJLXVQSH,B0DJLXVQSH,ロイヤルカナン FHN キトン 子猫用 成長後期の子猫専用フード 生後12ヵ月以下 ドライ キャットフード （オリジナルおしぼり付） (2kg),pr_1296040_F_20260306_29879681_0001,190,0,0.03%,0.00%,253,0,0.03%,0.00%,19.82%,0.00%,11,0,5.79%,0.00%,"￥52,800",￥0,11,0
B0DKT1ZKB4,B0DKT1ZKB4,ドクターズチョイス 納豆菌ジャーキー スティックタイプ 4種 150g×4袋セット（オリジナルおしぼり付き）,X3-3XHG-T7MP,33,1,0.01%,0.02%,55,2,0.01%,0.02%,98.04%,0.00%,13,0,39.39%,0.00%,"￥32,240",￥0,11,0
B0F9932WN7,B0F9932WN7,ゴン太の歯磨き専用ガムSSサイズ L8020乳酸菌入り ４種 アソート 120g ×4個セット 国産品,UK-T7R5-48TX,85,0,0.01%,0.00%,107,0,0.01%,0.00%,98.06%,0.00%,11,0,12.94%,0.00%,"￥21,780",￥0,11,0
B0GRSV7W2Z,B0FRS9RLPL,クーリア バインダー バッグマイシールバインダー きらりんエナガマーチ 01114,pr_1296040_20260330_30175423_0001,161,0,0.03%,0.00%,243,0,0.03%,0.00%,87.95%,0.00%,11,0,6.83%,0.00%,"￥17,760",￥0,11,0
B0FV817DG5,B0FV817DG5,【5種セット】いなば チャオ ちゅーるスープ 4連パック (35gx4袋) 各8袋 合計40袋（ まぐろ/かつお＆かつお節/まぐろ＆貝柱/とりささみ＆しらす/とりささみ＆サーモン ） 猫 おやつ 水分補給 キャットフード ウェッフード パウチ まとめ買い バラエティ アソート,DQ-HLZ4-LZW4,76,0,0.01%,0.00%,108,0,0.01%,0.00%,95.92%,0.00%,12,0,15.79%,0.00%,"￥33,360",￥0,11,0
B0GSQ9NT7B,B0GSQ8XKB2,クーリア シール キラリンウォーターシール こびとづかん 集合 04650,pr_1296040_20260709_31556144_0001,"1,459",9,0.23%,0.14%,"1,974",11,0.21%,0.13%,9.17%,14.29%,13,0,0.89%,0.00%,"￥11,312",￥0,11,0
B00JRNM0NG,B00JRNM0NG,CIAO(チャオ) 焼かつおディナー 高齢猫用かつお節・ほたて貝柱入り 50g×16袋【まとめ買い】,pr_1296040_20250606_26467617_0001,208,4,0.03%,0.06%,301,4,0.03%,0.05%,17.80%,0.00%,12,0,5.77%,0.00%,"￥32,733",￥0,10,0
B09V2K6W2V,B09V2K6W2V,いなば ちゅ~る 軟骨・野菜バラエティ 20本 総合栄養食 犬用おやつ,pr_1296040_20250516_25961072_0001,31,1,0.00%,0.02%,33,1,0.00%,0.01%,100.00%,100.00%,19,0,61.29%,0.00%,"￥18,981",￥0,10,0
B09Z2V4W29,B09Z2V4W29,アース・バイオケミカル スタミノール 子いぬ・子ねこ用 100g,pr_1296040_20250710_27144663_0001,203,3,0.03%,0.05%,280,3,0.03%,0.03%,24.60%,0.00%,13,0,6.40%,0.00%,"￥22,750",￥0,10,0
B0D21VRPVD,B0D21VRPVD,ロイヤルカナン BHN プードル 成犬用 ドッグフード ドライ とり味 1.5kg (オリジナルおしぼり付き),pr_1296040_20250331_25224480_0001,45,0,0.01%,0.00%,57,0,0.01%,0.00%,100.00%,0.00%,11,0,24.44%,0.00%,"￥46,180",￥0,10,0
B0FZRGY38H,B0F2HPB231,わんわん チョイあげ 国産 13種 バラエティセット アソート 犬用 おやつ,YA-9JKU-3QI4,79,4,0.01%,0.06%,96,5,0.01%,0.06%,100.00%,100.00%,14,2,17.72%,50.00%,"￥30,772","￥4,396",10,2
B0F2SL3945,B0F2SL3945,ペッツルート (Petz Route) もっと虫よけ エリアスマイル 140日 M くま 中型犬・大型犬の散歩用,pr_1296040_20250628_26989382_0001,82,1,0.01%,0.02%,107,1,0.01%,0.01%,89.25%,100.00%,17,0,20.73%,0.00%,"￥25,160",￥0,10,0
B00URAIVZ4,B00URAIVZ4,【花王】ビオレ　毛穴すっきりパック　鼻用　白色タイプ　１０枚入 ×５個セット,B00J7KII1M-5,208,1,0.03%,0.02%,318,1,0.03%,0.01%,11.61%,0.00%,9,0,4.33%,0.00%,"￥22,165",￥0,9,0
B0814XGKWZ,B0812DYT68,トーラス 小動物の知恵 脱臭食 ペット用 30ml×2本,pr_1296040_20231216_19323222_0001,63,0,0.01%,0.00%,71,0,0.01%,0.00%,98.59%,0.00%,9,0,14.29%,0.00%,"￥13,320",￥0,9,0
B086YH6X3B,B086YH6X3B,いなば ちゅ~るごはん とりささみ チキンミックス味 20本 犬用おやつ,pr_1296040_20250804_27403446_0001,30,0,0.00%,0.00%,31,0,0.00%,0.00%,100.00%,0.00%,15,0,50.00%,0.00%,"￥22,500",￥0,9,0
B08794LB41,B08794LB41,サラテクト 虫よけシート 虫よけウェットティッシュ [BIGサイズシート 20枚入]×4個,pr_1296040_20260706_31504010_0001,418,6,0.07%,0.10%,592,7,0.06%,0.08%,14.93%,20.00%,12,0,2.87%,0.00%,"￥27,745",￥0,9,0
B0GXJRJH1W,B09C7NHGQM,肌ラボ 極潤 薬用ハリクリーム 【医薬部外品】 無香料 50 グラム,pr_1296040_20251107_28435321_0001,"4,309",36,0.68%,0.58%,"6,558",53,0.70%,0.60%,0.32%,0.00%,13,3,0.30%,8.33%,"￥24,780","￥5,780",9,3
B0DK98GL1Y,B0DK98GL1Y,ユニ・チャーム グラン・デリサッポロポテトバ-ベQ 20g,pr_1296040_20260424_30530160_0001,26,0,0.00%,0.00%,28,0,0.00%,0.00%,96.30%,0.00%,9,0,34.62%,0.00%,"￥4,482",￥0,9,0
B0DKSGNRCF,B0DKSGDMCZ,ドクターズチョイス ゴートミルク(ヤギミルク) 犬猫用みるく 120g ×2袋（オリジナルおしぼり付き） (2袋),NU-77VB-O0EJ,40,0,0.01%,0.00%,54,0,0.01%,0.00%,100.00%,0.00%,9,0,22.50%,0.00%,"￥32,220",￥0,9,0
B0F5NMZZ18,B0DNTDMBX3,マルカン 半生ソフトフルーツフード 100g 飼鳥用 鳥 おやつ フルーツ (２袋),HD-4NH5-H3T9,63,0,0.01%,0.00%,92,0,0.01%,0.00%,97.44%,0.00%,10,0,15.87%,0.00%,"￥10,990",￥0,9,0
B0DPMD2T82,B0DPMD2T82,マルカン ちゅーいんぐかむかむ さつまいも ８枚入り ×3袋セット 犬 おやつ かため ドッグフード,TB-VVSS-PXQ0,22,0,0.00%,0.00%,31,0,0.00%,0.00%,100.00%,0.00%,13,0,59.09%,0.00%,"￥19,240",￥0,9,0
B0F937H5MN,B0F937H5MN,【公式】ICY ZAP アイシーザップ ネッククーラー サマーシャーベットの香り (サマーシャーベット),pr_1296040_20260506_30678671_0001,264,1,0.04%,0.02%,379,2,0.04%,0.02%,32.04%,100.00%,14,0,5.30%,0.00%,"￥11,200",￥0,9,0
B0FZRGY38H,B0FCB839T7,わんわん チョイあげ 国産 バラエティセット アソート 犬用 おやつ (14種),VX-OENW-Q45G,49,3,0.01%,0.05%,60,4,0.01%,0.05%,100.00%,100.00%,12,5,24.49%,166.67%,"￥27,360","￥11,400",9,2
B0FH715WJ6,B0FH715WJ6,【セット品】ペットライン 懐石 2つのごほうび 4種セット キャットフード ドライ 総合栄養食 国産 小分けタイプ 600g ×4個 アソート バラエティ 大容量 まとめ買い,FP-WPBG-5O5W,47,0,0.01%,0.00%,53,0,0.01%,0.00%,98.04%,0.00%,9,0,19.15%,0.00%,"￥41,220",￥0,9,0
B0FV7YZ7HY,B0FV7YZ7HY,【5種セット】いなば ちゅーるスープ 4連パック (35gx4袋) 各12袋 合計60袋 （ まぐろ/かつお＆かつお節/まぐろ＆貝柱/とりささみ＆しらす/とりささみ＆サーモン ） 猫 おやつ 水分補給 キャットフード ウェッフード パウチ まとめ買い バラエティ アソート,KZ-IEV8-YRS8,45,0,0.01%,0.00%,77,0,0.01%,0.00%,100.00%,0.00%,9,0,20.00%,0.00%,"￥35,820",￥0,9,0
B0GSQGJVRH,B0GSQ5TGBM,クーリア シール キラシャカジュエリーシール キャンディツインズ 01209,pr_1296040_20260709_31555896_0001,"1,005",4,0.16%,0.06%,"1,314",5,0.14%,0.06%,33.95%,60.00%,10,0,1.00%,0.00%,"￥5,466",￥0,9,0
B0GYCL5F3R,B0GYCL5F3R,【セット品】 いなば チャオ 焼かつおディナー 高齢猫用 2種 アソートセット 50g×16袋 国産 猫用 パウチ ウェットフード まとめ買い,KN-JYZS-46PP,99,0,0.02%,0.00%,129,0,0.01%,0.00%,100.00%,0.00%,11,0,11.11%,0.00%,"￥28,180",￥0,9,0
B0070AT8SS,B0070AT8SS,ドクターズチョイス おいしい納豆菌 粒タイプ 280グラム (x 1),pr_1296040_20260422_30505377_0001,423,4,0.07%,0.06%,614,4,0.07%,0.05%,6.74%,0.00%,14,0,3.31%,0.00%,"￥32,052",￥0,8,0
B0GF8Y6V95,B009S4H3B8,ペットボトル用浄水器 クリスタルH2O 2本セット,pr_1296040_20250901_27678794_0001,484,4,0.08%,0.06%,692,4,0.07%,0.05%,7.58%,0.00%,10,0,2.07%,0.00%,"￥17,820",￥0,8,0
B0FFGDP69T,B06VVJXQX1,アイスノン シャツミスト ミントの香り 300ml,pr_1296040_20260703_31462653_0001,256,10,0.04%,0.16%,312,17,0.03%,0.19%,87.84%,100.00%,23,17,8.98%,170.00%,"￥25,047","￥18,513",8,2
B0GTC6TJJS,B09C86L9JT,肌ラボ 極潤 ハリパーフェクトゲル 高機能オールインワン 無香料 100 グラム 【医薬部外品】,pr_1296040_20251120_28635074_0001,"8,428",44,1.33%,0.71%,"12,054",63,1.29%,0.72%,2.15%,2.63%,10,0,0.12%,0.00%,"￥12,640",￥0,8,0
B0F8MRXQPG,B0CVM4KZVR,ラボン(Lavons) トゥザムーン to the Moon ベッドルーム&ファブリックミスト ノクターナルブルーの香り 詰め替え 大容量 600ml,pr_1296040_20260331_30179510_0001,"2,184",18,0.34%,0.29%,"3,238",36,0.35%,0.41%,0.14%,0.00%,8,0,0.37%,0.00%,"￥12,386",￥0,8,0
B0D1BM6NH4,B0D1BM6NH4,ナチュラルペットフーズ エクセル カルシウム 220g 3袋 鳥用 シード食 小鳥 栄養補助食 ボレー粉,NK-PBCU-7D1K,24,0,0.00%,0.00%,32,0,0.00%,0.00%,96.55%,0.00%,9,0,37.50%,0.00%,"￥11,820",￥0,8,0
B0D21NMPL4,B0D21NMPL4,ロイヤルカナン ステアライズド 避妊・去勢 成猫用 生後12ヵ月齢以上 2kg キャットフード（オリジナルおしぼり付き）,pr_1296040_20241024_22931559_0001,265,4,0.04%,0.06%,375,4,0.04%,0.05%,15.91%,25.00%,9,0,3.40%,0.00%,"￥45,280",￥0,8,0
B0D4ZK8VF1,B0D4ZK8VF1,ロイヤルカナン BHN ポメラニアン 成犬～高齢犬用 生後8ヵ月齢以上 ドライ ドックフード（オリジナルおしぼり付き） (800g),pr_1296040_20250324_25080454_0001,94,1,0.01%,0.02%,130,1,0.01%,0.01%,100.00%,100.00%,8,0,8.51%,0.00%,"￥22,240",￥0,8,0
B0DK98BX8W,B0DK98BX8W,ユニ・チャーム グラン・デリサッポロポテトつぶベジ 20g,pr_1296040_20260424_30530171_0001,34,0,0.01%,0.00%,41,0,0.00%,0.00%,72.97%,0.00%,8,0,23.53%,0.00%,"￥4,400",￥0,8,0
B0F5NMZZ18,B0DNTGZPTP,マルカン 半生ソフトフルーツフード 100g 飼鳥用 鳥 おやつ フルーツ (３袋),1N-W9J5-UUNF,22,0,0.00%,0.00%,32,0,0.00%,0.00%,95.83%,0.00%,8,0,36.36%,0.00%,"￥11,984",￥0,8,0
B0FJ2HVBTL,B0FJ2HVBTL,【セット品】 わんわん チョイめし シリーズ 人気5種 80g X10 犬用 ドックフード おやつ アソート お試し 国産,1F-4D7U-O7AH,43,1,0.01%,0.02%,59,1,0.01%,0.01%,100.00%,100.00%,10,0,23.26%,0.00%,"￥14,162",￥0,8,0
B0FL28QWGY,B0FL28QWGY,クーリア シール エターナルジュエリークラウンシール トゥインクルクラウン 01057,pr_1296040_20260704_31478495_0001,753,2,0.12%,0.03%,"1,072",3,0.11%,0.03%,24.32%,100.00%,9,0,1.20%,0.00%,"￥5,088",￥0,8,0
B0GSQ9NT7B,B0GSQ8C7RP,クーリア シール キラリンウォーターシール こびとづかん カクレモモジリ 04651,pr_1296040_20260709_31556152_0001,"1,549",11,0.24%,0.18%,"2,099",13,0.22%,0.15%,6.89%,20.00%,8,0,0.52%,0.00%,"￥7,120",￥0,8,0
B0GSQHLGMX,B0GSQM3DY7,クーリア シール ボンボンドロップシール パールベール ぴんきーボンボン 01219,pr_1296040_20260709_31555801_0001,"12,727",51,2.00%,0.82%,"15,783",70,1.69%,0.80%,2.96%,7.81%,9,3,0.07%,5.88%,"￥7,250","￥2,450",8,2
B01LXSDHMM,B01LXSDHMM,いなば CIAO(チャオ) 焼かつおディナー 高齢猫用ほたて貝柱入り 50g×16袋【まとめ買い】,pr_1296040_20250702_27050335_0001,125,1,0.02%,0.02%,169,1,0.02%,0.01%,45.51%,0.00%,9,0,7.20%,0.00%,"￥23,660",￥0,7,0
B0CCZ43HJJ,B01NCX79TA,ショーワグローブ(Showaglove) ニトリスト・スーパーロング 40cmロング NO.887 パウダーフリー 左右兼用50枚　厚さ0.15mm ブルー Ｍサイズ,pr_1296040_20260525_30949091_0001,"1,403",91,0.22%,1.46%,"1,946",134,0.21%,1.53%,9.10%,2.88%,9,4,0.64%,4.40%,"￥43,758","￥19,543",7,2
B0H412Z57D,B074QQC44S,ケアセラ(CareCera) APフェイス&ボディ 乳液 200ml (セラミドプラス×8種の天然型セラミド配合),pr_1296040_20251120_28635996_0001,"4,329",30,0.68%,0.48%,"5,853",34,0.63%,0.39%,0.17%,0.00%,7,0,0.16%,0.00%,"￥10,542",￥0,7,0
B0FZQTSZGJ,B0DPMHLFKD,NEO(ネオ) ドッグスターNEO ササミ巻きクッキー チーズ 8本入×2袋セット 犬用 おやつ,2J-O32V-SEZA,15,0,0.00%,0.00%,19,0,0.00%,0.00%,100.00%,0.00%,8,0,53.33%,0.00%,"￥9,440",￥0,7,0
B0FVVCKSGS,B0DSPNW2GB,クーリア シール プレミアムオーロラスポンジシール おやすみバニー 91148,pr_1296040_20260704_31478543_0001,"1,145",3,0.18%,0.05%,"1,429",3,0.15%,0.03%,56.96%,100.00%,7,0,0.61%,0.00%,"￥3,640",￥0,7,0
B0FD9LYGTK,B0FD9LYGTK,【セット品】いなば まぐろジュレ 乳酸菌入り バラエティ 3種 （65g×4個） 3箱セット +オリジナルスプーン付き 猫 ウェット キャットフード お試し アソート,9H-NBAZ-EEC8,197,1,0.03%,0.02%,236,5,0.03%,0.06%,99.53%,100.00%,7,0,3.55%,0.00%,"￥18,260",￥0,7,0
B0GSQDZB5N,B0GSQCP1MX,クーリア バインダー ボンボンドロップシールバインダーセット キャンディツインズ 01222,pr_1296040_F_20260401_30192243_0001,675,3,0.11%,0.05%,885,3,0.09%,0.03%,61.69%,50.00%,7,0,1.04%,0.00%,"￥12,390",￥0,7,0
B0H6L99WP3,B0H6L99WP3,トイレその後に フレッシュグリーン 280ml×2本セット オリジナルスパウトパウチ付き 小林製薬 トイレ用 消臭スプレー 消臭芳香剤 瞬間消臭 除菌 トイレ 芳香剤 まとめ買い,B00MVNSCW2-2,37,0,0.01%,0.00%,46,0,0.00%,0.00%,100.00%,0.00%,7,1,18.92%,0.00%,"￥10,360","￥1,480",7,1
B0H7R1KTV5,B0H7R1KTV5,【セット品】アース製薬 マモルームエッセンス 虫よけパール 180日用 500g 3種セット【澄んだレモン・すっきりハッカ・やわらかいクリーンムスク】置き型 虫よけ 消臭 天然精油配合 玄関 リビング 寝室 室内用 大容量 約180日×3個セット,b0bwdnysh3-1,107,4,0.02%,0.06%,126,4,0.01%,0.05%,99.15%,100.00%,7,1,6.54%,25.00%,"￥17,660","￥2,480",7,1
B002VTK0OY,B002VTK0OY,天然成分入浴剤 つるつる 美肌の湯 2袋入 二股ラジウム温泉の湯の華,pr_1296040_20260108_29192066_0001,36,1,0.01%,0.02%,55,1,0.01%,0.01%,71.11%,100.00%,10,0,27.78%,0.00%,"￥5,960",￥0,6,0
B00JRNM1DU,B00JRNM1DU,いなばペットフード 焼かつおディナー 子ねこ用 かつお節・ほたて貝柱入り 50g×16コ,pr_1296040_20251007_28093345_0001,145,0,0.02%,0.00%,159,0,0.02%,0.00%,91.67%,0.00%,7,0,4.83%,0.00%,"￥19,460",￥0,6,0
B01B21BACW,B01B21BACW,猫専用 おいしい納豆菌 かつお味 幼猫～高齢猫用 ふりかけ 80g,2023_1111_1223_new_660_5,21,0,0.00%,0.00%,30,0,0.00%,0.00%,87.50%,0.00%,8,0,38.10%,0.00%,"￥10,312",￥0,6,0
B0CCZ43HJJ,B01MR788HG,【パウダーフリー】 ショーワグローブ(Showaglove) No.887 ニトリスト・スーパーロング 50枚入 ブルー Sサイズ 1函,pr_1296040_20260608_31128214_0001,622,36,0.10%,0.58%,861,48,0.09%,0.55%,10.58%,10.64%,10,2,1.61%,5.56%,"￥41,141","￥8,526",6,2
B06XSS5CK7,B06XSS5CK7,デ・オウ　薬用プロテクトデオジャム × 10個セット,pr_1296040_20260521_30897755_0001,275,2,0.04%,0.03%,384,2,0.04%,0.02%,42.17%,50.00%,6,0,2.18%,0.00%,"￥36,734",￥0,6,0
B0BW86WWVP,B073TYS8C7,ファブリーズ W除菌+消臭スプレー 布用 フラワーブロッサム 本体 370mL,pr_1296040_20250922_27927955_0001,150,3,0.02%,0.05%,180,3,0.02%,0.03%,47.16%,0.00%,8,0,5.33%,0.00%,"￥11,200",￥0,6,0
B09245VRJL,B086YFC21V,いなば ちゅ~るごはん とりささみ・ビーフバラエティ 20本 犬用おやつ,pr_1296040_20250628_26989337_0001,425,2,0.07%,0.03%,586,2,0.06%,0.02%,5.50%,0.00%,7,1,1.65%,50.00%,"￥5,950",￥850,6,1
B08F5BDMFL,B08F5BDMFL,リッツ リバイバル うるおい玉 EGF フリーズドライ 美容液 無添加 無香料 6回分 エイジングケア,pr_1296040_20250910_27776060_0001,78,0,0.01%,0.00%,82,0,0.01%,0.00%,63.41%,0.00%,12,0,15.38%,0.00%,"￥13,200",￥0,6,0
B09YCLDNCY,B09YCLDNCY,ペティオ (Petio)Self Trimmer 乾電池式 コードレスバリカン コンパクト,pr_1296040_20250924_27951780_0001,292,8,0.05%,0.13%,402,13,0.04%,0.15%,23.80%,22.22%,6,0,2.05%,0.00%,"￥16,590",￥0,6,0
B0CC8WVVP7,B0CC8WVVP7,ペッツルート 超小型犬・小型犬の散歩用 もっと！虫よけエリアスマイル 120日 Ｓうさぎ ピンク,pr_1296040_20250701_27038706_0001,138,2,0.02%,0.03%,174,2,0.02%,0.02%,94.12%,100.00%,8,0,5.80%,0.00%,"￥18,240",￥0,6,0
B0DGLZ2TXR,B0D21Q4LGF,ロイヤルカナン BHN プードル 成犬用 ドッグフード ドライ（オリジナルおしぼり付き） (3kg),UE-3AOO-OEP8,7,0,0.00%,0.00%,7,0,0.00%,0.00%,100.00%,0.00%,6,0,85.71%,0.00%,"￥44,880",￥0,6,0
B0D21SBN9D,B0D21SBN9D,ロイヤルカナン アペタイトコントロール おねだりの多い成猫用 ネコ 400g,pr_1296040_20250324_25080136_0001,36,0,0.01%,0.00%,52,0,0.01%,0.00%,95.92%,0.00%,6,0,16.67%,0.00%,"￥8,880",￥0,6,0
B0D21SBN9D,B0D21SBN9D,ロイヤルカナン アペタイトコントロール おねだりの多い成猫用 ネコ 400g,pr_1296040_F_20260401_30194065_0001,36,0,0.01%,0.00%,52,0,0.01%,0.00%,95.92%,0.00%,6,0,16.67%,0.00%,"￥7,680",￥0,6,0
B0DGPS3K6K,B0DGPS3K6K,黒瀬ペットフード 長崎県産 あわの穂 80g (1個),AM-KAFN-973E,46,0,0.01%,0.00%,61,0,0.01%,0.00%,96.55%,0.00%,7,0,15.22%,0.00%,"￥10,486",￥0,6,0
B0DGY42SR6,B0DGY42SR6,アース・ペット 猫スタミノール 食欲 50g ×２本セット サプリ,3G-N5ZN-0JUH,33,0,0.01%,0.00%,37,0,0.00%,0.00%,94.29%,0.00%,6,0,18.18%,0.00%,"￥13,188",￥0,6,0
B0DNT4KT8F,B0DNT4KT8F,【セット品】ナチュラルペットフーズ PRO ADVANCE セキセイインコ 650g × 2個セット シード＆ペレットミックス 総合栄養食 鳥 餌,IF-0HG8-HYIH,30,0,0.00%,0.00%,44,0,0.00%,0.00%,100.00%,0.00%,7,0,23.33%,0.00%,"￥15,260",￥0,6,0
B0DQ889RZT,B0DQ889RZT,デビフ おすわりくん 超小粒 ササミ ７５ｇ ×４袋セット 犬用 おやつ,4970501033530-4,36,1,0.01%,0.02%,38,1,0.00%,0.01%,100.00%,100.00%,7,2,19.44%,200.00%,"￥7,760","￥2,160",6,1
B0FDGFLMZN,B0FDGFLMZN,【セット品】いなば 魚づくし 高齢猫用 まぐろ・かつお 2種 アソート (60ｇ×3袋) 合計６袋セット 猫 パウチ おやつ ウェット キャット フード,7A-P3UN-9Q12,73,0,0.01%,0.00%,85,0,0.01%,0.00%,98.78%,0.00%,6,0,8.22%,0.00%,"￥11,880",￥0,6,0
B0FXG1TTTC,B0FXG1TTTC,【セット品】ペティオ (Petio) ハッピークリーン 本体 300ml 詰め替え 250ml 犬・猫ペット臭さ 消臭&除菌EX 除菌スプレー 消臭スプレー,RT-7XCT-Z245,58,0,0.01%,0.00%,75,0,0.01%,0.00%,95.31%,0.00%,6,0,10.34%,0.00%,"￥7,680",￥0,6,0
B0H6XK6Z1F,B0H6XK6Z1F,いなば 鴨づくし かもだし仕立て 180g（60g×3袋）3種類×2セット 計6個 アソート キャットフード 猫用 ウェットフード パウチ 成猫用 食べ比べ バラエティ まとめ買い,SET-0003,43,0,0.01%,0.00%,56,0,0.01%,0.00%,100.00%,0.00%,9,0,20.93%,0.00%,"￥17,820",￥0,6,0
B0BX94HGY2,B07QLXGTY9,ファブリーズ 消臭芳香剤 トイレ用 ブルー・シャボン 6mL×2個,pr_1296040_20260202_29462146_0001,172,4,0.03%,0.06%,211,6,0.02%,0.07%,77.16%,66.67%,6,1,3.49%,25.00%,"￥8,094","￥1,349",5,1
B09KMNKN91,B09KMNKN91,いなば チャオ すごい乳酸菌 パウチ まぐろ ささみ入り ほたて味 40gx16コ,pr_1296040_20260709_31542096_0001,19,0,0.00%,0.00%,21,0,0.00%,0.00%,71.43%,0.00%,6,0,31.58%,0.00%,"￥9,000",￥0,5,0
B0BXBQ71WB,B0BXBQ71WB,ソフラン エアリス LION ライオン ソフランエアリス バルコニー 本体 480ml,pr_1296040_20250717_27219394_0001,798,8,0.13%,0.13%,"1,071",9,0.11%,0.10%,7.19%,22.22%,9,0,1.13%,0.00%,"￥10,350",￥0,5,0
B0CB459XR2,B0CB459XR2,（まとめ買い）いなばペットフード 焼きミックスちゅ～る和え まぐろ味とえび味 10g×3袋 猫用おやつ 【×20】,pr_1296040_20250305_24717076_0001,52,0,0.01%,0.00%,76,0,0.01%,0.00%,97.18%,0.00%,15,0,28.85%,0.00%,"￥29,700",￥0,5,0
B0DGQLL9P5,B0DGQKZLC8,ニチドウ Dr.PRO. ドクター・プロ ベビーミルク スーパーIGP 幼犬用 100g (2個),B1-ZC11-NVSZ,22,0,0.00%,0.00%,29,0,0.00%,0.00%,100.00%,0.00%,5,0,22.73%,0.00%,"￥17,900",￥0,5,0
B0DGY23B6S,B0DGY23B6S,アース・ペット スタミノールV 100g ×2本セット 犬 サプリ,BF-OXCJ-9O1M,49,2,0.01%,0.03%,76,3,0.01%,0.03%,100.00%,0.00%,5,0,10.20%,0.00%,"￥16,900",￥0,5,0
B0DJCXYHLS,B0DJCXKM4G,ニチドウ 毛玉クリーン60g (2袋),TT-KQ8Y-HMVW,87,2,0.01%,0.03%,112,2,0.01%,0.02%,100.00%,0.00%,5,0,5.75%,0.00%,"￥9,400",￥0,5,0
B0DPZ1NY5M,B0DPZ1NY5M,グラン・デリ ワンちゃん専用サッポロポテト つぶつぶベジタブル 3種の野菜入りチーズ味 20g,pr_1296040_20260424_30530123_0001,9,0,0.00%,0.00%,13,0,0.00%,0.00%,100.00%,0.00%,6,0,66.67%,0.00%,"￥2,988",￥0,5,0
B0DQ85XG66,B0DQ85XG66,サンライズ ゴン太の歯磨き専用ガムSSサイズ L8020乳酸菌入り ブルーベリー味 120g 3袋セット 犬用,4973321945755-3,24,0,0.00%,0.00%,30,0,0.00%,0.00%,100.00%,0.00%,5,0,20.83%,0.00%,"￥6,400",￥0,5,0
B0FM3PZ2SB,B0FL2D7M2S,クーリア シール エターナルジュエリークラウンシール フェアリーブルーコア 01056,pr_1296040_20260704_31478489_0001,756,3,0.12%,0.05%,896,4,0.10%,0.05%,24.17%,75.00%,5,0,0.66%,0.00%,"￥2,730",￥0,5,0
B0GSQDZB5N,B0GSQHQRV7,クーリア バインダー ボンボンドロップシールバインダーセット きらりんエナガマーチ 01223,pr_1296040_20260330_30175229_0001,601,3,0.09%,0.05%,767,3,0.08%,0.03%,28.73%,50.00%,5,0,0.83%,0.00%,"￥12,000",￥0,5,0
B0GSQHLGMX,B0GSQJXS8J,クーリア シール ボンボンドロップシール パールベール よるえなボンボン 01220,pr_1296040_20260717_31663963_0001,"2,770",10,0.44%,0.16%,"3,477",14,0.37%,0.16%,39.30%,33.33%,5,1,0.18%,10.00%,"￥4,900",￥980,5,1
B0H6LFFH5G,B0H6LFFH5G,【5本セット】消臭元 トイレのスプレー パルファムブラン 280ml×5本 オリジナルスパウトパウチ付き トイレ用 消臭スプレー 消臭 芳香剤 瞬間消臭 ホワイトフローラル まとめ買い 小林製薬,B06XPT9591-5,48,8,0.01%,0.13%,56,9,0.01%,0.10%,100.00%,100.00%,5,3,10.42%,37.50%,"￥14,700","￥8,740",5,3
B0H7QV799G,B0H7QV799G,【3個セット】柑橘王子 フェイシャルクリアホイップSP 詰め替え 300ml×3個 泡洗顔 メンズ洗顔 洗顔フォーム レフィル 皮脂 毛穴汚れ テカリ対策 ビタミンC誘導体配合 シトラスの香り 大容量 まとめ買い,IY-Q5DZ-J1JL,26,0,0.00%,0.00%,36,0,0.00%,0.00%,100.00%,0.00%,5,0,19.23%,0.00%,"￥10,200",￥0,5,0
B0H7QV7T3Y,B0H7QV7T3Y,【4個セット】柑橘王子 フェイシャルクリアホイップSP 詰め替え 300ml×4個 メンズ 泡洗顔 レフィル 洗顔フォーム 毛穴汚れ 皮脂 テカリ対策 ビタミンC誘導体配合 シトラスの香り 大容量 まとめ買い,EO-DM0B-2Y91,20,0,0.00%,0.00%,27,0,0.00%,0.00%,100.00%,0.00%,6,0,30.00%,0.00%,"￥15,680",￥0,5,0
B00GYNCS2A,B00GYNCS2A,【まとめ買い】ガードハロー スタンディングチューブ 165g ×2セット,pr_1296040_F_20260411_30304422_0001,50,0,0.01%,0.00%,61,0,0.01%,0.00%,39.66%,0.00%,4,0,8.00%,0.00%,"￥2,516",￥0,4,0
B0BZVZRJM8,B0743GXHY6,ビオレu 【大容量】 つめかえ用4回分 1.35リットル (x 1),pr_1296040_F_20260316_29981601_0001,574,19,0.09%,0.31%,721,23,0.08%,0.26%,9.37%,10.00%,4,0,0.70%,0.00%,"￥4,800",￥0,4,0
B07TBBCKWQ,B07TBBCKWQ,【まとめ買い】デオタンニング 薬用ストロング ソープ 100g (医薬部外品)×8個,pr_1296040_20260706_31504071_0001,117,3,0.02%,0.05%,203,6,0.02%,0.07%,26.63%,100.00%,4,0,3.42%,0.00%,"￥22,318",￥0,4,0
B0899BJL52,B0899BJL52,サラテクト 虫よけシート 虫よけウェットティッシュ [BIGサイズシート 20枚入]×5個,pr_1296040_20260706_31504023_0001,180,0,0.03%,0.00%,304,0,0.03%,0.00%,4.91%,0.00%,5,0,2.78%,0.00%,"￥13,940",￥0,4,0
B08HSVSK27,B08HSY677V,ラテボタニカル クレンズジェル 300ml×5個,pr_1296040_20250919_27876201_0001,57,0,0.01%,0.00%,82,0,0.01%,0.00%,79.27%,0.00%,4,0,7.02%,0.00%,"￥23,965",￥0,4,0
B0BV9FG7LH,B0BV9FG7LH,ZENBUWASH 王様戦隊キングオージャー,pr_1296040_F_20250909_27767675_0001,38,2,0.01%,0.03%,51,3,0.01%,0.03%,100.00%,100.00%,4,0,10.53%,0.00%,"￥3,280",￥0,4,0
B0BVZ18YLS,B0BVZ18YLS,ペロQ 犬用おやつ ビーフ&チーズ（4本） チキン&ミルク（4本）スイートポテト（4本）まとめ買い【12本セット】おしぼり おまけつき,pr_1296040_20250722_27263156_0001,85,0,0.01%,0.00%,99,0,0.01%,0.00%,23.66%,0.00%,7,0,8.24%,0.00%,"￥12,950",￥0,4,0
B0F52VTBYT,B0BY2PJQG2,【医薬部外品】ビオレｕ 泡ハンドソープ シトラスの香り つめかえ用 ７７０ｍｌ,pr_1296040_20250910_27777804_0001,851,32,0.13%,0.51%,"1,040",35,0.11%,0.40%,6.54%,8.82%,6,1,0.71%,3.13%,"￥5,820",￥970,4,1
B0GYF533B3,B0C3YTGLHD,柑橘王子 メラノサーチVitaC洗顔 120g,pr_1296040_20250919_27876366_0001,286,0,0.05%,0.00%,401,0,0.04%,0.00%,1.92%,0.00%,7,0,2.45%,0.00%,"￥8,260",￥0,4,0
B0CB648B93,B0CB648B93,ファブリーズ 消臭芳香剤 消臭+抗菌 トイレ用 フルーティ・クラシック・ブーケ 6.3mLｘ2個,B0CB648B93,153,1,0.02%,0.02%,199,1,0.02%,0.01%,36.90%,100.00%,4,1,2.61%,100.00%,"￥7,090","￥1,699",4,1
B0D6RBGR2D,B0CXJHK4WN,ペティオ (Petio) 犬猫用マット 電気を使わない アルミ＆ジェル ソフトクールマット 2L,pr_1296040_20250625_26753510_0001,110,3,0.02%,0.05%,173,4,0.02%,0.05%,79.87%,100.00%,4,0,3.64%,0.00%,"￥7,920",￥0,4,0
B0DGLWF4P5,B0D226Y7VQ,ロイヤルカナン FHN インドア ロングヘアー 猫用 キャットフード ドライ（オリジナルおしぼりセット） (400g),pr_1296040_F_20260401_30194032_0001,27,0,0.00%,0.00%,35,0,0.00%,0.00%,100.00%,0.00%,4,0,14.81%,0.00%,"￥7,020",￥0,4,0
B0D4ZLTH8J,B0D4ZLTH8J,ロイヤルカナン BHN ポメラニアン 成犬～高齢犬用 生後8ヵ月齢以上 ドライ ドックフード（オリジナルおしぼり付き） (1.5kg),3182550917612-1,19,0,0.00%,0.00%,29,0,0.00%,0.00%,100.00%,0.00%,4,0,21.05%,0.00%,"￥17,120",￥0,4,0
B0DGY2R4L4,B0DGY2R4L4,アース・ペット 猫スタミノール 毛玉ケア 50g ×2本セット 猫用 サプリ,ZG-VF60-AQGL,49,0,0.01%,0.00%,59,0,0.01%,0.00%,95.92%,0.00%,4,0,8.16%,0.00%,"￥7,920",￥0,4,0
B0DK8FSKVP,B0DJ33JRVV,サンライズ ゴン太の歯磨き専用ガムSSサイズ L8020乳酸菌入り クロロフィル入り 低脂肪 120g 2袋セット(60本),L4-KHNX-65LM,27,0,0.00%,0.00%,34,0,0.00%,0.00%,100.00%,0.00%,5,2,18.52%,0.00%,"￥5,400","￥2,160",4,1
B0DZ2LRXCK,B0DZ2LRXCK,ペティオ (Petio) 猫用ハンモック necoco広々涼めるキャットハンモックHNA ブルー＆グレイ,pr_1296040_20250625_26751908_0001,277,3,0.04%,0.05%,413,8,0.04%,0.09%,53.85%,33.33%,4,0,1.44%,0.00%,"￥9,900",￥0,4,0
B0FCB8NRRT,B0FCB8NRRT,【5種セット】いなば トッパーまぜて ちゅ~るボール (10g×3袋) 合計5袋セット 犬用 おやつ トッパー ドックフード アソート バラエティ,W0-HXVI-3V4V,20,0,0.00%,0.00%,31,0,0.00%,0.00%,100.00%,0.00%,6,0,30.00%,0.00%,"￥8,880",￥0,4,0
B0FM44VB6Z,B0FL25CNBG,クーリア シールバインダー とうめいシールバインダー ホワイト 01064,pr_1296040_20260330_30175447_0001,"1,921",11,0.30%,0.18%,"2,963",12,0.32%,0.14%,3.93%,0.00%,4,0,0.21%,0.00%,"￥4,800",￥0,4,0
B0FRS8PB58,B0FRS8PB58,クーリア バインダー マイシールバインダー 平成レトロファンシー キャンディツインズ 01146,pr_1296040_20260525_30949542_0001,467,0,0.07%,0.00%,732,0,0.08%,0.00%,20.65%,0.00%,4,0,0.86%,0.00%,"￥3,609",￥0,4,0
B0FW4KP3DK,B0FW4K6VZY,クーリア シールバインダー マイシールバインダー しずくちゃん しずくパーク 04390,pr_1296040_20260525_30949566_0001,498,2,0.08%,0.03%,661,3,0.07%,0.03%,18.82%,100.00%,4,0,0.80%,0.00%,"￥4,920",￥0,4,0
B0FW4L9MB7,B0FW4NJ43B,クーリア シール ボンボンドロップシール ミニ しずくちゃん しずくの森のなかまたち 04285,pr_1296040_20260417_30443065_0001,824,6,0.13%,0.10%,"1,043",7,0.11%,0.08%,2.58%,0.00%,4,0,0.49%,0.00%,"￥6,320",￥0,4,0
B0GSQGD2Z6,B0GSQ6JGHV,クーリア シール ボンボンドロップシール まじょねこボンボン 01213,pr_1296040_20260709_31556345_0001,"5,239",21,0.82%,0.34%,"6,781",27,0.73%,0.31%,3.71%,0.00%,4,0,0.08%,0.00%,"￥3,800",￥0,4,0
B0GSQGJVRH,B0GSQ98RVH,クーリア シール キラシャカジュエリーシール ミータイムホーミーズ 01206,pr_1296040_20260709_31555887_0001,690,3,0.11%,0.05%,827,4,0.09%,0.05%,14.22%,50.00%,4,1,0.58%,33.33%,"￥2,000",￥500,4,1
B0GTNG6XZR,B0GTN3DDB7,クーリア バインダー キラキラシールバインダー ハート 01283,pr_1296040_20260709_31556609_0001,345,1,0.05%,0.02%,454,1,0.05%,0.01%,23.82%,0.00%,5,0,1.45%,0.00%,"￥3,000",￥0,4,0
B0H9QPJHCH,B0H9QPJHCH,【セット品】アリエール MiRAi 超濃縮 液体 爽快COOL 本体410g＋詰め替え920g セット 涼感リフレッシュクールの香り コンパクト洗濯洗剤 すすぎ1回OK タテ型 ドラム式対応 夏限定,SET-4879-4893,97,1,0.02%,0.02%,147,3,0.02%,0.03%,100.00%,100.00%,4,0,4.12%,0.00%,"￥11,920",￥0,4,0
B000BNEQXS,B000BNEQXS,泡ぶくミトン,pr_1296040_20251126_28705454_0001,36,1,0.01%,0.02%,46,1,0.00%,0.01%,33.33%,0.00%,3,0,8.33%,0.00%,"￥2,940",￥0,3,0
B0CCV2Y4G6,B00MWK6ZEQ,マンダム ルシードエル オイルトリートメント EXヘアオイル 60ml,pr_1296040_20251009_28116672_0001,"2,210",14,0.35%,0.22%,"2,998",20,0.32%,0.23%,0.25%,0.00%,3,0,0.14%,0.00%,"￥4,548",￥0,3,0
B0BN15GR4T,B00XD8FY8O,デオタンニング　薬用ストロングソープ 2個セット,pr_1296040_20251120_28635831_0001,137,0,0.02%,0.00%,221,0,0.02%,0.00%,38.97%,0.00%,3,0,2.19%,0.00%,"￥5,280",￥0,3,0
B073DXFR9B,B073DXFR9B,(白元アース)アイスノン シャツミスト ミントの香り 大容量 300ml（お買い得2個セット）,pr_1296040_20260428_30594124_0001,40,4,0.01%,0.06%,52,7,0.01%,0.08%,87.23%,57.14%,3,3,7.50%,75.00%,"￥5,541","￥5,541",3,3
B0FFSP2CLJ,B07B9C6FZV,アイメディア(Aimedia) 風呂水ポンプまとめてキレイ 3回分 風呂洗剤 洗濯機 風呂水 給水ポンプ ホース 洗浄剤 ヌメリ フィルター,pr_1296040_20260403_30216476_0001,457,5,0.07%,0.08%,610,7,0.07%,0.08%,4.92%,0.00%,5,0,1.09%,0.00%,"￥5,780",￥0,3,0
B07NWV228X,B07L3SYZ5M,メイベリン リップ シャインコンパルジョン SPK21 チェリーピンク ツヤ,pr_1296040_20250830_27663851_0001,109,0,0.02%,0.00%,143,0,0.02%,0.00%,24.29%,0.00%,6,0,5.50%,0.00%,"￥7,200",￥0,3,0
B084MSTHB1,B084MSTHB1,角栓溶かす ジェル&スクラブ,pr_1296040_20251108_28444843_0001,212,1,0.03%,0.02%,267,1,0.03%,0.01%,26.21%,100.00%,3,0,1.42%,0.00%,"￥4,440",￥0,3,0
B0G7HWSWHK,B08CZWJNYV,アイメディア(Aimedia) 静電気防止スプレー 300ml 62着分 日本製 クリーニング屋さん品質 パチパチ対策 花粉対策 静電気対策 無香料,pr_1296040_F_20260411_30304441_0001,157,1,0.02%,0.02%,178,1,0.02%,0.01%,9.30%,0.00%,3,0,1.91%,0.00%,"￥3,810",￥0,3,0
B0GX1C97SW,B08WSHQWL8,肌ラボ 白潤プレミアム 薬用浸透美白クリーム [医薬部外品] 50グラム,pr_1296040_20251120_28635210_0001,"2,589",33,0.41%,0.53%,"3,667",38,0.39%,0.43%,0.18%,0.00%,3,0,0.12%,0.00%,"￥6,030",￥0,3,0
B09CCJ41XF,B09CCJ41XF,【セット販売】銀のスプーン にっぽんSelect とろリッチ 2種のアソート 焼津産まぐろ節使用＆枕崎産かつお節使用（6g×8本）×5コ,pr_1296040_20260329_30160975_0001,26,1,0.00%,0.02%,35,1,0.00%,0.01%,96.88%,100.00%,3,0,11.54%,0.00%,"￥3,840",￥0,3,0
B0B3XCXR5B,B0B3XH69V8,和みのうるうる水綿棒 個包装 50本入×7個,pr_1296040_20260411_30305204_0001,218,2,0.03%,0.03%,336,2,0.04%,0.02%,8.52%,0.00%,6,0,2.75%,0.00%,"￥9,600",￥0,3,0
B0BLY4DVK7,B0BLXZ3CSD,コスメテックスローランド エアリー&イージー グロッシーヘアワックス100g×2個,pr_1296040_20240328_20430434_0001,111,0,0.02%,0.00%,141,0,0.02%,0.00%,87.12%,0.00%,3,0,2.70%,0.00%,"￥5,850",￥0,3,0
B0CKWV1NS8,B0CKWV1NS8,ライオン ソフラン アロマリッチ キャサリン つめかえ用 特大 (950mL) 詰め替え用 柔軟剤,pr_1296040_20251118_28596716_0001,200,2,0.03%,0.03%,245,2,0.03%,0.02%,12.33%,50.00%,4,0,2.00%,0.00%,"￥4,100",￥0,3,0
B0D21N8B9T,B0D21N8B9T,ロイヤルカナン FHN インドア +7 猫用 400g フィーライン ヘルス ニュートリション ドライ キャットフード チキン味 室内で生活する7歳以上の高齢猫用,pr_1296040_F_20260401_30194040_0001,22,0,0.00%,0.00%,28,0,0.00%,0.00%,100.00%,0.00%,5,0,22.73%,0.00%,"￥8,690",￥0,3,0
B0D28N991R,B0D28N991R,フィリップス 電動歯ブラシ ソニッケアー ダイヤモンドクリーン9000 ワンランク上の白さへ,pr_1296040_20250722_27264036_0001,"4,866",51,0.77%,0.82%,"6,770",76,0.72%,0.87%,0.08%,0.00%,3,0,0.06%,0.00%,"￥76,440",￥0,3,0
B0D6GCKFCP,B0D6GCKFCP,GOAT'S MILK ゴートミルク ソープ 6個セット スイートベビーパウダーの香り 固形せっけん石鹸,pr_1296040_20250927_27978182_0001,"1,253",13,0.20%,0.21%,"1,711",16,0.18%,0.18%,1.83%,0.00%,3,1,0.24%,7.69%,"￥2,790",￥930,3,1
B0DGLWF4P5,B0D6RQT442,ロイヤルカナン FHN インドア ロングヘアー 猫用 4kg キャットフード ドライ（オリジナルおしぼりセット） (4kg),MZ-VBRX-QWR9,11,0,0.00%,0.00%,14,0,0.00%,0.00%,100.00%,0.00%,4,0,36.36%,0.00%,"￥35,120",￥0,3,0
B0DGPYRB49,B0DGPS3K6K,黒瀬ペットフード 長崎県産 あわの穂 80g (1個),AM-KAFN-973E,34,0,0.01%,0.00%,44,0,0.00%,0.00%,95.00%,0.00%,3,0,8.82%,0.00%,"￥4,494",￥0,3,0
B0DKSKVX6D,B0DKS7KSRB,ドクターズチョイス おいしい納豆菌 ふりかけタイプ 80g (4袋),RD-LGR5-P7Y1,15,1,0.00%,0.02%,18,1,0.00%,0.01%,100.00%,0.00%,3,0,20.00%,0.00%,"￥11,940",￥0,3,0
B0DKSKVX6D,B0DKSPG7VK,ドクターズチョイス おいしい納豆菌 ふりかけタイプ 80g (5袋),A1-ISD4-FGSX,400,1,0.06%,0.02%,467,2,0.05%,0.02%,100.00%,0.00%,4,0,1.00%,0.00%,"￥20,720",￥0,3,0
B0F18S5YX3,B0DNM4FZYY,ラビオーム 【ロート製薬】 バリアビオソープ ポンプ本体 180ml フローラルの香り デリケート部位用ジェルソープ(乳酸菌 弱酸性 防腐剤フリー 敏感肌パッチテスト済)オンライン先行発売,pr_1296040_20251120_28636032_0001,"2,130",10,0.34%,0.16%,"2,818",11,0.30%,0.13%,0.76%,0.00%,3,0,0.14%,0.00%,"￥3,750",￥0,3,0
B0FCY4XT2J,B0DNT6RSPJ,【セット品】日本ペットフード バーディー うずらフード １ｋｇ 鳥 フード 餌 えさ 種 穀類 (２袋),IA-LFXR-IZK4,17,0,0.00%,0.00%,23,0,0.00%,0.00%,95.00%,0.00%,3,0,17.65%,0.00%,"￥5,940",￥0,3,0
B0DQ86B7G8,B0DQ86B7G8,サンライズ ゴン太の歯磨き専用ガムSSサイズ L8020乳酸菌入り ブルーベリー味 120g 2袋セット 犬用,4973321945755-2,24,0,0.00%,0.00%,31,0,0.00%,0.00%,100.00%,0.00%,3,0,12.50%,0.00%,"￥3,240",￥0,3,0
B0DZ2K7LCD,B0DZ2K7LCD,ペティオ (Petio) 犬猫用マット 防ダニ加工 ふれた瞬間ひんやりマット L,pr_1296040_20250625_26751819_0001,110,0,0.02%,0.00%,162,0,0.02%,0.00%,50.71%,0.00%,3,0,2.73%,0.00%,"￥4,140",￥0,3,0
B0F1KPMQCP,B0F1KPMQCP,セグレタ プレミア 艶ときデタングルブラシ ヘアブラシ セグレタ,pr_1296040_20251107_28437207_0001,382,1,0.06%,0.02%,490,1,0.05%,0.01%,17.43%,0.00%,3,0,0.79%,0.00%,"￥8,100",￥0,3,0
B0GRSV7W2Z,B0FRS8BY3V,クーリア バインダー バッグマイシールバインダー もふころりん／ねこ 01115,pr_1296040_20260330_30175428_0001,95,0,0.01%,0.00%,138,0,0.01%,0.00%,29.20%,0.00%,3,0,3.16%,0.00%,"￥2,940",￥0,3,0
B0FZ3Y7QNM,B0FZ3Y7QNM,リポソームショット クレンジングブースター 180ml シャンプー前の頭皮ケア,pr_1296040_20260711_31582245_0001,113,1,0.02%,0.02%,151,1,0.02%,0.01%,8.27%,0.00%,3,0,2.65%,0.00%,"￥3,390",￥0,3,0
B0GTNG6XZR,B0GTNG34QZ,クーリア バインダー キラキラシールバインダー デイジーA 01280,pr_1296040_20260709_31556629_0001,326,1,0.05%,0.02%,419,1,0.04%,0.01%,19.95%,0.00%,3,0,0.92%,0.00%,"￥1,800",￥0,3,0
B0H5QMNR9N,B0H5QMNR9N,ミツエイ MAGNOLIA FRAGRANCE BLOOM ファブリックリフレッシャー 350ml オリジナルスパウトパウチ付き 消臭スプレー 除菌99.9％ 布製品用スプレー 衣類 ソファ カーテン 寝具 芳香 消臭 除菌 マグノリアフレグランスブルーム 本体,L1-R5FP-CFXO,18,0,0.00%,0.00%,25,0,0.00%,0.00%,100.00%,0.00%,4,0,22.22%,0.00%,"￥5,920",￥0,3,0
B0H6G5W312,B0H6FVKGND,【セット品】猫専用 おいしい納豆菌 かつお味 ササミ味 80g×2個セット 猫用おやつ 納豆菌配合 腸内環境 サポート 乳酸菌 キャットフード おやつ 猫間食 国産 (2),XW-NDHF-MOY1,10,0,0.00%,0.00%,13,0,0.00%,0.00%,100.00%,0.00%,3,0,30.00%,0.00%,"￥6,740",￥0,3,0
B01M5CTWHH,B000V2FG38,シッカロールキュア 140g,4987244145055-a,144,4,0.02%,0.06%,192,5,0.02%,0.06%,7.39%,50.00%,3,2,2.08%,50.00%,"￥3,294","￥2,196",2,1
B00W3AXKSE,B00W3AXKSE,チョイあげ チョイでか 犬用おやつ ささみガムの星 7個 (x 3) (まとめ買い),pr_1296040_20250718_27233084_0001,270,1,0.04%,0.02%,362,1,0.04%,0.01%,0.61%,0.00%,2,0,0.74%,0.00%,"￥2,304",￥0,2,0
B01N4NRDEP,B01N4NRDEP,ペロQ ２種×１６本 計３２本,pr_1296040_20250718_27232966_0001,78,1,0.01%,0.02%,80,1,0.01%,0.01%,21.25%,0.00%,3,0,3.85%,0.00%,"￥13,500",￥0,2,0
B07K6SWJCM,B07GVMH1BB,アドメイト (ADD. MATE) リールリードアドバンス Mサイズ ブルー,pr_1296040_20250704_27071497_0001,12,0,0.00%,0.00%,18,0,0.00%,0.00%,100.00%,0.00%,2,0,16.67%,0.00%,"￥1,998",￥0,2,0
B0DKX9B2TS,B08XB9YVXM,ペティオ (Petio)犬用食器 Porta 木目調 陶器食器 M,pr_1296040_20250502_25798206_0001,9,0,0.00%,0.00%,20,0,0.00%,0.00%,82.35%,0.00%,12,0,133.33%,0.00%,"￥10,584",￥0,2,0
B09229MWMT,B09229MWMT,ペロQ 犬用おやつ スイートポテト味 8個セット (まとめ買い),pr_1296040_20240405_20510585_0001,75,2,0.01%,0.03%,120,2,0.01%,0.02%,13.51%,0.00%,2,0,2.67%,0.00%,"￥2,400",￥0,2,0
B09FZ8P3W4,B09FZ8P3W4,ペロQ 犬用おやつ ビーフ&チーズ（4本） チキン&ミルク（4本）まとめ買い【8本セット】,2023_1128_3367_new_736_6,209,0,0.03%,0.00%,219,0,0.02%,0.00%,0.93%,0.00%,2,0,0.96%,0.00%,"￥2,560",￥0,2,0
B09L1H1CCH,B09L1H1CCH,リベルタ カビ取り剤 【弱酸性デイリーカビ退治】カビダッシュ防カビ・抗菌プラス 排水口 パイプクリーナー ゴムパッキン 浴室 お風呂 リニューアル,pr_1296040_20260403_30217809_0001,44,0,0.01%,0.00%,64,0,0.01%,0.00%,31.03%,0.00%,2,0,4.55%,0.00%,"￥2,960",￥0,2,0
B09XXSMK31,B09XXSMK31,デビフ 鶏肉&さつまいも 150g×3個 【まとめ買い】150グラム (x 3),pr_1296040_20260617_31248168_0001,111,0,0.02%,0.00%,111,0,0.01%,0.00%,98.20%,0.00%,4,0,3.60%,0.00%,"￥5,276",￥0,2,0
B0CV7PJ7YP,B0BX2C1YFR,ゴミ袋 取っ手付き ポリ袋 LLサイズ 300枚 乳白 縦53cm×横29.5cm マチ14.5cm 取り出しやすい コンパクト 収納 ごみ袋,pr_1296040_20241108_23142203_0001,93,8,0.01%,0.13%,126,14,0.01%,0.16%,23.58%,33.33%,2,0,2.15%,0.00%,"￥5,960",￥0,2,0
B0BY135MQY,B0BY135MQY,マルカン りんご大収穫祭 サクふわフリーズドライ ４５ｇ おやつ 保存料・着色料・砂糖不使用,pr_1296040_20240803_21754438_0001,71,0,0.01%,0.00%,77,0,0.01%,0.00%,0.00%,0.00%,4,0,5.63%,0.00%,"￥3,996",￥0,2,0
B0CV7PJ7YP,B0C27GG96R,ゴミ袋 取っ手付き ポリ袋 Lサイズ 300枚×2個セット 乳白 縦48cm×横25.5cm マチ13.5cm 取り出しやすい コンパクト 収納 ごみ袋,pr_1296040_20241108_23142168_0001,36,5,0.01%,0.08%,53,5,0.01%,0.06%,43.40%,60.00%,2,0,5.56%,0.00%,"￥8,960",￥0,2,0
B0CWG8S8Y8,B0CWG8S8Y8,肌ラボ 白潤 薬用美白化粧水 しっとり 大容量ポンプ 400ml,pr_1296040_20251120_28634907_0001,"2,284",7,0.36%,0.11%,"3,307",8,0.35%,0.09%,0.00%,0.00%,2,0,0.09%,0.00%,"￥4,046",￥0,2,0
B0CWY16P9Q,B0CWY16P9Q,ロイヤルカナン ステアライズド 避妊・去勢 成猫用 生後12ヵ月齢以上 400g 猫用 (オリジナルおしぼり付),3182550927369-1,27,0,0.00%,0.00%,34,0,0.00%,0.00%,100.00%,0.00%,2,0,7.41%,0.00%,"￥3,478",￥0,2,0
B0D6RBGR2D,B0CXHYSH9B,ペティオ (Petio) 犬猫用マット 電気を使わない アルミ＆ジェル ソフトクールマット M,pr_1296040_20250625_26753486_0001,126,2,0.02%,0.03%,180,4,0.02%,0.05%,31.01%,100.00%,2,0,1.59%,0.00%,"￥2,080",￥0,2,0
B0D2225VHG,B0D2225VHG,ロイヤルカナン FCN ヘアボール ケア 猫用2kg 毛玉が気になる成猫用 ドライ キャットフード,3182550721400,22,1,0.00%,0.02%,34,2,0.00%,0.02%,100.00%,100.00%,2,0,9.09%,0.00%,"￥10,960",￥0,2,0
B0D2225VHG,B0D2225VHG,ロイヤルカナン FCN ヘアボール ケア 猫用2kg 毛玉が気になる成猫用 ドライ キャットフード,pr_1296040_F_20260318_30003482_0001,22,1,0.00%,0.02%,34,2,0.00%,0.02%,100.00%,100.00%,2,0,9.09%,0.00%,"￥10,560",￥0,2,0
B0D3HJMVDF,B0D3HJMVDF,【セット販売】銀のスプーン 三ツ星グルメ にゃんスプーン まぐろ味 40g（10g×4本）×4コ,pr_1296040_20241129_23453461_0001,18,0,0.00%,0.00%,32,0,0.00%,0.00%,43.75%,0.00%,2,0,11.11%,0.00%,"￥1,500",￥0,2,0
B0H2TM8PPN,B0D6G9RW9Y,レノア 超消臭 煮沸レベル 抗菌ビーズ スポーツ クールリフレッシュ＆シトラス 詰め替え 超特大 1410mL 抗菌 P＆G,pr_1296040_20251112_28504849_0001,"1,157",10,0.18%,0.16%,"1,441",13,0.15%,0.15%,5.77%,8.33%,2,0,0.17%,0.00%,"￥4,160",￥0,2,0
B0DD7BL5GJ,B0D9QDZ65L,PIGEON ピジョン 手動鼻吸い器 SHUPOT-pump　片手で簡単にお鼻すっきり吸引　持ち運び便利,pr_1296040_20251114_28533423_0001,"4,667",19,0.73%,0.31%,"6,281",21,0.67%,0.24%,0.09%,0.00%,2,0,0.04%,0.00%,"￥5,544",￥0,2,0
B0H8G9LLS7,B0DFFZZXQW,パナソニック 電動歯ブラシ ドルツ 【Amazon.co.jp限定】 ハイグレードモデル W音波振動 歯垢除去 黒 EW-NDPD6-K,pr_1296040_20251007_28095111_0001,"18,778",201,2.96%,3.23%,"33,523",288,3.59%,3.29%,0.64%,1.40%,2,1,0.01%,0.50%,"￥50,332","￥25,800",2,1
B0DKSGNRCF,B0DKSB8SFX,ドクターズチョイス ゴートミルク(ヤギミルク) 犬猫用みるく 120g ×3袋（オリジナルおしぼり付き） (3袋),B5-SO2A-XVKB,15,0,0.00%,0.00%,25,0,0.00%,0.00%,100.00%,0.00%,2,0,13.33%,0.00%,"￥10,560",￥0,2,0
B0DKSKVX6D,B0DKSRRB5W,ドクターズチョイス おいしい納豆菌 ふりかけタイプ 80g (3袋),PF-WKWV-G07K,18,0,0.00%,0.00%,20,0,0.00%,0.00%,100.00%,0.00%,2,0,11.11%,0.00%,"￥6,360",￥0,2,0
B0DMZNB3P1,B0DMZNB3P1,NEXXUS(ネクサス) 【セット買い】リペアアンドカラープロテクト シャンプー+コンディショナー(トリートメント) 各440g 1回分おまけ付き 日本製,pr_1296040_20251017_28199597_0001,111,1,0.02%,0.02%,128,1,0.01%,0.01%,1.69%,0.00%,2,0,1.80%,0.00%,"￥8,560",￥0,2,0
B0DNTLK9V1,B0DNTLK9V1,【セット品】イースター インコセレクション トータルペレット 300グラム (x 2) インコ 餌 主食,V0-CT6I-DA4T,38,1,0.01%,0.02%,51,1,0.01%,0.01%,100.00%,0.00%,2,0,5.26%,0.00%,"￥4,160",￥0,2,0
B0FZQTSZGJ,B0DPMJDJBR,【まとめ買い】 NEO(ネオ) ドッグスターNEO ササミ巻きクッキー チーズ 8本入 犬 犬用 おやつ (3袋),0Q-YO5X-HH69,24,0,0.00%,0.00%,26,0,0.00%,0.00%,96.15%,0.00%,11,0,45.83%,0.00%,"￥21,780",￥0,2,0
B0FVVCKSGS,B0DSPLJ25P,クーリア シール プレミアムオーロラスポンジシール エアリーチュチュ 91149,pr_1296040_20260704_31478550_0001,763,3,0.12%,0.05%,936,4,0.10%,0.05%,7.62%,0.00%,2,0,0.26%,0.00%,"￥1,100",￥0,2,0
B0F2SHJW4P,B0F2SHJW4P,ペッツルート (Petz Route) もっと虫よけ エリアスマイル 70日 M くま 中型犬・大型犬の散歩用,pr_1296040_20250628_26989393_0001,95,4,0.01%,0.06%,125,5,0.01%,0.06%,37.84%,100.00%,2,1,2.11%,25.00%,"￥2,400","￥1,200",2,1
B0GRSV7W2Z,B0FRS98197,クーリア バインダー バッグマイシールバインダー チャーミングルーム 01118,pr_1296040_20260330_30175439_0001,141,1,0.02%,0.02%,216,1,0.02%,0.01%,30.92%,0.00%,2,0,1.42%,0.00%,"￥1,920",￥0,2,0
B0GRSV7W2Z,B0FRSBPK5W,クーリア バインダー バッグマイシールバインダー キャンディツインズ 01116,pr_1296040_20260330_30175430_0001,121,1,0.02%,0.02%,170,1,0.02%,0.01%,7.55%,0.00%,3,0,2.48%,0.00%,"￥2,940",￥0,2,0
B0FV7XQ74Y,B0FV7XQ74Y,【5種セット】 いなば トッパーまぜて ちゅ〜るボール 5種 各2袋 計10袋 (まぐろ/かつお/とりささみ/まぐろかつお節味/とりささみ本格だし) 猫 おやつ キャットフード アソート まとめ買い,EI-5C18-LOJY,21,0,0.00%,0.00%,22,0,0.00%,0.00%,100.00%,0.00%,2,0,9.52%,0.00%,"￥5,960",￥0,2,0
B0FW4L9MB7,B0FW4HK2PT,クーリア シール ボンボンドロップシール ミニ しずくちゃん うるおいちゃん 04283,pr_1296040_20260709_31556026_0001,433,1,0.07%,0.02%,599,1,0.06%,0.01%,0.52%,0.00%,2,0,0.46%,0.00%,"￥3,049",￥0,2,0
B0G19XDTSM,B0G19XDTSM,【60枚セット】 使い捨て 貼る カイロ ぽかぽか家族 レギュラー 60枚 (10枚×6セット) 12時間持続 備蓄 防寒 寒さ対策 冬 通勤通学 レジャー スポーツ観戦 防災,QH-DRAD-SF6F,47,0,0.01%,0.00%,71,0,0.01%,0.00%,100.00%,0.00%,2,0,4.26%,0.00%,"￥5,560",￥0,2,0
B0G2XTW9P2,B0G2XTW9P2,【まとめ買い】エクセル セキセイインコ 主食 皮付き 1.3kg×2袋｜ナチュラルペットフーズ｜皮付きブレンド フード 餌 エサ 国産,DP-96PK-TQ5B,24,0,0.00%,0.00%,33,0,0.00%,0.00%,100.00%,0.00%,2,0,8.33%,0.00%,"￥4,760",￥0,2,0
B0GSQGJVRH,B0GSQ6WXPC,クーリア シール キラシャカジュエリーシール ナイトミャウ 01208,pr_1296040_20260709_31555928_0001,584,3,0.09%,0.05%,705,3,0.08%,0.03%,13.53%,33.33%,2,0,0.34%,0.00%,"￥1,000",￥0,2,0
B0GSQDZB5N,B0GSQC8JP3,クーリア バインダー ボンボンドロップシールバインダーセット マイリボンクローゼット 01225,pr_1296040_F_20260401_30192233_0001,715,3,0.11%,0.05%,962,4,0.10%,0.05%,1.30%,0.00%,2,0,0.28%,0.00%,"￥3,334",￥0,2,0
B0GTNG6XZR,B0GTN9B64K,クーリア バインダー キラキラシールバインダー リボンA 01278,pr_1296040_20260709_31556627_0001,665,1,0.10%,0.02%,990,1,0.11%,0.01%,28.60%,0.00%,3,0,0.45%,0.00%,"￥1,800",￥0,2,0
B0GXMH2SLH,B0GXMH2SLH,サンライズ ゴン太の歯磨き専用ガムSSサイズ L8020乳酸菌入り 低脂肪タイプ 120g 3袋セット,JZ-BNL4-2INJ,27,0,0.00%,0.00%,38,0,0.00%,0.00%,100.00%,0.00%,2,0,7.41%,0.00%,"￥2,560",￥0,2,0
B0GXN9DY7W,B0GXN9DY7W,サンライズ ゴン太の歯磨き専用ガムSSサイズ L8020乳酸菌入り クロロフィル入り 120g 3袋セット,D7-BXRO-2MNC,43,1,0.01%,0.02%,56,1,0.01%,0.01%,100.00%,100.00%,2,0,4.65%,0.00%,"￥2,560",￥0,2,0
B0H7FL2FYZ,B0H2W8TN9T,【まとめ買い】ロッシモイストエイド 馬油ナチュラルミルクローション 485ml×4個 オリジナルスパウトパウチ付き 大容量 ボディミルク 保湿 乾燥肌 全身用 家族用 ポンプタイプ スキンケア (4),HR-ZDMA-9O7N,40,1,0.01%,0.02%,61,1,0.01%,0.01%,100.00%,100.00%,2,0,5.00%,0.00%,"￥7,160",￥0,2,0
B0H5Q8RLQS,B0H5Q8RLQS,ミツエイ シャルム フレグランスムスク 柔軟剤 詰替 800ml オリジナルスパウトパウチ付き 詰め替え シャルムフレグランスムスクの香り 大容量 衣類 ふんわり 消臭 抗菌 静電気防止 部屋干し 柔軟仕上げ,W6-BU9G-4QO9,19,0,0.00%,0.00%,29,0,0.00%,0.00%,100.00%,0.00%,2,0,10.53%,0.00%,"￥2,360",￥0,2,0
B0H9JY5P2B,B0H9JY5P2B,【セット品】アリエール ジェルボール 爽快クール 涼感 リフレッシュクールの香り 大容量98個セット 85個＋13個 洗濯洗剤 消臭 まとめ買い ドラム式 縦型 P&G 日用品 夏季限定,U0-T38P-KB1V,59,0,0.01%,0.00%,107,0,0.01%,0.00%,100.00%,0.00%,2,0,3.39%,0.00%,"￥10,960",￥0,2,0
B0HC1KZX44,B0HC1KZX44,【セット品】クーリア クリアジェムステッカー 6種セット エンジェル ストロベリー レモン グレープ ソーダ プラネット 透明 ジェムシール デコレーション 手帳 ノート スマホ コラージュ,93-84SQ-JQ69,22,0,0.00%,0.00%,30,0,0.00%,0.00%,100.00%,0.00%,2,0,9.09%,0.00%,"￥4,960",￥0,2,0
B08V51YHQR,B000FQORIA,柳屋本店 ヘアトニック 微香性シトラス240ml 【HTRC3】,pr_1296040_20260713_31611410_0001,840,6,0.13%,0.10%,"1,395",6,0.15%,0.07%,0.16%,0.00%,1,0,0.12%,0.00%,"￥1,258",￥0,1,0
B079NJRBN3,B004KCX1BY,いなば とろみ とりささみ 80g 48個セット,pr_1296040_20250611_26567746_0001,9,0,0.00%,0.00%,15,0,0.00%,0.00%,86.67%,0.00%,1,0,11.11%,0.00%,"￥6,138",￥0,1,0
B016W85WOC,B004VK6QGC,ペティオ (Petio) プレシャンテ ピンブラシ 長毛犬・長毛猫用 L サイズ,pr_1296040_20260114_29254257_0001,4,0,0.00%,0.00%,5,0,0.00%,0.00%,100.00%,0.00%,1,0,25.00%,0.00%,"￥1,799",￥0,1,0
B00764ROYI,B00764ROYI,Intex Underwater Play Sticks,pr_1296040_20251025_28288825_0001,53,3,0.01%,0.05%,73,3,0.01%,0.03%,73.91%,66.67%,1,0,1.89%,0.00%,"￥1,540",￥0,1,0
B0DB26NNNR,B009KI3DFM,ショーワグローブ(Showaglove) 【ニトリル手袋・使いきり手袋】No.882 ニトリスト・タッチ 100枚入 ブルー Lサイズ 1函 左右兼用 食品衛生法適合 パウダーフリー ラテックスフリー,pr_1296040_20260515_30803191_0001,"5,820",436,0.92%,7.00%,"8,244",618,0.88%,7.05%,0.00%,0.00%,1,0,0.02%,0.00%,"￥1,800",￥0,1,0
B00H4QPH2E,B00H4QPH2E,【まとめ買い】キーピング アイロン用 スムーザー つめかえ用 ×2セット,pr_1296040_20260730_31830689_0001,40,2,0.01%,0.03%,51,3,0.01%,0.03%,12.00%,0.00%,1,0,2.50%,0.00%,￥900,￥0,1,0
B07BZ2WYR7,B00IHQIPTW,ペティオ (Petio) プレシャンテ 短毛犬用 回転スリッカーブラシ レギュラー,pr_1296040_20260710_31566344_0001,1,0,0.00%,0.00%,2,0,0.00%,0.00%,50.00%,0.00%,1,0,100.00%,0.00%,"￥1,890",￥0,1,0
B0DK4ZC16Z,B00IHQIS9Y,ペティオ (Petio) プレシャンテ ネイルカッター ストッパー付 犬用,pr_1296040_20250920_27908118_0001,89,0,0.01%,0.00%,116,0,0.01%,0.00%,31.25%,0.00%,1,0,1.12%,0.00%,"￥1,280",￥0,1,0
B00IIJNGRE,B00IIJNGRE,ピジョン 全身泡ソープ しっとり 詰替用 400ml,pr_1296040_20260331_30184071_0001,1,0,0.00%,0.00%,2,0,0.00%,0.00%,100.00%,0.00%,1,0,100.00%,0.00%,￥680,￥0,1,0
B00PTLEHA4,B00PTLEHA4,チョイめし ドッグフード 親子丼 80グラム (x 10) (まとめ買い),pr_1296040_20250718_27233680_0001,95,1,0.01%,0.02%,142,1,0.02%,0.01%,0.78%,0.00%,1,0,1.05%,0.00%,"￥1,498",￥0,1,0
B00PTQX0IE,B00PTQX0IE,チョイめし ドッグフード なんか良さそう習慣 80グラム (x 10) (まとめ買い),pr_1296040_20250718_27233688_0001,45,1,0.01%,0.02%,70,1,0.01%,0.01%,3.45%,0.00%,1,0,2.22%,0.00%,"￥1,498",￥0,1,0
B0CHYHN8CS,B016QCPNUW,エレコム ワイヤレス トラックボールマウス EX-G 握りの極み 6ボタン チルトホイール（左右スクロール） ブラック M-XT3DRBK,pr_1296040_20251128_28724759_0001,"28,150",721,4.43%,11.58%,"42,597","1,106",4.56%,12.62%,0.00%,0.00%,1,0,0.00%,0.00%,"￥4,400",￥0,1,0
B01DLX1VZA,B01DLX1VZA,いなば 【セット販売】チャオ ちゅ～る まぐろ＆贅沢サーモン （14g×4本）×6コ[ちゅーる],pr_1296040_20250820_27556840_0001,289,0,0.05%,0.00%,772,0,0.08%,0.00%,4.18%,0.00%,1,0,0.35%,0.00%,"￥1,300",￥0,1,0
B01G81SWCM,B01G81SWCM,いなば 金のだしカップ まぐろ・かつお節入り 70g×6コ,pr_1296040_20250730_27352852_0001,5,0,0.00%,0.00%,5,0,0.00%,0.00%,80.00%,0.00%,1,0,20.00%,0.00%,"￥1,280",￥0,1,0
B01GNNT026,B01GNNT026,ピジョン ベビークールジェリー 50g (0ヵ月~)×2個セット,2023_1110_9237_new_220_30,7,0,0.00%,0.00%,7,0,0.00%,0.00%,100.00%,0.00%,1,0,14.29%,0.00%,￥598,￥0,1,0
B01J4BVX06,B01J4BVX06,【３個セット】アルカリイオン 水素水　500ｍｌペットボトル約180～200本分製水,pr_1296040_20260108_29191890_0001,142,6,0.02%,0.10%,181,8,0.02%,0.09%,28.32%,0.00%,1,0,0.70%,0.00%,"￥5,049",￥0,1,0
B0FFGDP69T,B06VVK22G4,アイスノン シャツミスト エキストラミントの香り 300ml,pr_1296040_20260703_31462629_0001,44,1,0.01%,0.02%,64,1,0.01%,0.01%,36.21%,100.00%,1,0,2.27%,0.00%,"￥1,200",￥0,1,0
B0BZVZRJM8,B0743GXHY6,ビオレu 【大容量】 つめかえ用4回分 1.35リットル (x 1),pr_1296040_20251107_28437349_0001,574,19,0.09%,0.31%,721,23,0.08%,0.26%,9.37%,10.00%,1,0,0.17%,0.00%,"￥1,188",￥0,1,0
B0H2LKRRHF,B074DYTBQ6,肌ラボ 濃い極潤 オールインワン パーフェクトゲル ヒアルロン酸×スクワラン×セラミド×サクラン配合 100g,pr_1296040_20251120_28635144_0001,"2,954",30,0.46%,0.48%,"4,230",45,0.45%,0.51%,0.26%,2.63%,1,0,0.03%,0.00%,"￥1,750",￥0,1,0
B08C1CSYJK,B074GY15HH,肌ラボ 極潤 ヒアルロン酸 化粧水 ヒアルロン酸3種配合 詰替用 170ml,pr_1296040_20251120_28635009_0001,316,0,0.05%,0.00%,436,0,0.05%,0.00%,0.00%,0.00%,1,0,0.32%,0.00%,￥806,￥0,1,0
B074GY15HN,B074GY15HN,肌ラボ 極潤 ヒアルロン酸 化粧水 ヒアルロン酸3種配合 大容量ポンプタイプ 400ml,pr_1296040_20251120_28635222_0001,256,2,0.04%,0.03%,375,2,0.04%,0.02%,0.00%,0.00%,1,0,0.39%,0.00%,"￥1,950",￥0,1,0
B0GV1R4W1F,B079YPLCVJ,チャオ (CIAO) ちゅ~る まぐろ 贅沢セレクト 14g×20本 猫用おやつ,pr_1296040_20250731_27362504_0001,"5,520",34,0.87%,0.55%,"7,604",53,0.81%,0.60%,0.01%,0.00%,3,0,0.05%,0.00%,"￥2,364",￥0,1,0
B07B7XLH97,B07B7XLH97,ミニマルランド ひんやりクールアルミロフト うさぎ,pr_1296040_20260712_31590729_0001,173,1,0.03%,0.02%,237,1,0.03%,0.01%,21.43%,0.00%,1,0,0.58%,0.00%,"￥1,168",￥0,1,0
B0CVQJ7F5D,B07BGSTT34,[モレーンコーポレーション] 取出しやすい 医療用品メーカー 食品衛生法適合 グレイシアハイジーン XS 125枚入り 調理用 ニトリルグローブ ニトリルゴム手袋 ニトリル手袋 青 パウダーフリー ラテックスフリー グローブ 作業用,pr_1296040_20260519_30873031_0001,344,13,0.05%,0.21%,440,15,0.05%,0.17%,4.41%,0.00%,1,0,0.29%,0.00%,"￥2,450",￥0,1,0
B07NZ9V68L,B07F7GH9ZM,【旧品】 アクアレーベル スペシャルジェルクリームA (オイルイン),pr_1296040_20260331_30183772_0001,103,1,0.02%,0.02%,140,1,0.01%,0.01%,13.60%,0.00%,2,0,1.94%,0.00%,"￥5,000",￥0,1,0
B0CZJJ3HRW,B07Q49Q3VP,アイスノン シャツミスト エキストラミントの香り 大容量 つめかえ用 × 2個セット,pr_1296040_20260428_30594321_0001,599,25,0.09%,0.40%,790,33,0.08%,0.38%,0.83%,0.00%,1,0,0.17%,0.00%,"￥1,500",￥0,1,0
B0CZJJ3HRW,B07Q5DDZQW,アイスノン シャツミスト エキストラミントの香り 大容量 つめかえ用 × 4個セット 280ミリリットル (x 4),pr_1296040_20260428_30594342_0001,252,11,0.04%,0.18%,308,21,0.03%,0.24%,4.76%,23.81%,1,1,0.40%,9.09%,"￥3,398","￥3,398",1,1
B0FH59XVQC,B07QFZTNT7,Dyson Pure Hot + Cool,pr_1296040_20260729_31814175_0001,0,0,0.00%,0.00%,0,0,0.00%,0.00%,0.00%,0.00%,1,0,0.00%,0.00%,"￥17,622",￥0,1,0
B0CCTZ3YP1,B07W82Q5V7,LUCIDO-L(ルシードエル) オイルトリートメント #EXヘアオイル シアーグロス アルガンオイル 洗い流さないトリートメント 透明感あふれるツヤ 60ミリリットル (x 1),pr_1296040_20250916_27838023_0001,247,1,0.04%,0.02%,318,1,0.03%,0.01%,0.00%,0.00%,1,0,0.40%,0.00%,"￥1,450",￥0,1,0
B07XZ283Z1,B07XZ283Z1,MORITA 洗える電気敷毛布 140×80cm 室温センサー付 ダニ退治 頭寒足熱配線で足元あったか TMB-S14KS ブラウン,pr_1296040_20251008_28104429_0001,389,26,0.06%,0.42%,488,26,0.05%,0.30%,5.05%,0.00%,1,0,0.26%,0.00%,"￥2,980",￥0,1,0
B09KV6GLWG,B07YC7GS5K,ヤーマン 洗顔ブラシ ミーゼ mysé クレンズリフト ピンク MS70P,pr_1296040_20251101_28370700_0001,372,4,0.06%,0.06%,547,5,0.06%,0.06%,40.24%,0.00%,1,0,0.27%,0.00%,"￥12,400",￥0,1,0
B0828QWPYH,B0828QWPYH,【セット販売】銀のスプーン 三ツ星グルメ おやつ にっぽんSelect 2種のアソートとろリッチ まぐろ節使用＆かつお節使用 48g（6g×8本）×5コ,pr_1296040_20260329_30161081_0001,11,0,0.00%,0.00%,13,0,0.00%,0.00%,100.00%,0.00%,2,0,18.18%,0.00%,"￥2,960",￥0,1,0
B0867JPKTD,B0867JPKTD,【3個セット】カルシウムイオン水 【日本製】カルシュウム原料10%増量 天然成分100％の原材料使用　独自製法スーパートルマリン配合PH7.5～8.6 (カートリッジ1本で500mLボトル120～150本分製水),pr_1296040_20260108_29191799_0001,30,0,0.00%,0.00%,45,0,0.00%,0.00%,100.00%,0.00%,1,0,3.33%,0.00%,"￥3,480",￥0,1,0
B0H5QTZH7G,B086Q1MHHP,熱中対策 シャツクール 冷感ストロング 衣類にスプレーするだけ 汗をかくとひんやり続く 冷感スプレー 100ml 小林製薬,pr_1296040_20260629_31405906_0001,"7,428",129,1.17%,2.07%,"10,354",194,1.11%,2.21%,0.01%,0.00%,1,0,0.01%,0.00%,￥897,￥0,1,0
B0DHXD4592,B08CBN98HD,着圧レギンス スリムウォーク ビューアクティ (Beau-Acty) スタイルキープ レギンス ブラック M 着圧 レギンス ヨガ スポーツ,pr_1296040_20241031_23039284_0001,569,3,0.09%,0.05%,734,5,0.08%,0.06%,29.83%,0.00%,1,0,0.18%,0.00%,"￥2,780",￥0,1,0
B0BQVLFLK8,B08JG97VP4,エプソン 純正 インクカートリッジ IB09KA ブラック 標準インク,pr_1296040_20260530_31010122_0001,732,146,0.12%,2.35%,"1,124",223,0.12%,2.54%,0.00%,0.00%,1,0,0.14%,0.00%,"￥1,853",￥0,1,0
B0BPW7DQ8H,B08WJWQBBP,口腔保湿ミスト うるおうハニーレモン ハビナース クリンスマイル マウスウォッシュ 洗口液 乾燥・口臭・ネバツキ予防 口内浄化 オーラルケア 口腔ケア 薬用成分CPC配合 医薬部外品 日本製 1023212,pr_1296040_20251108_28445670_0001,446,8,0.07%,0.13%,722,8,0.08%,0.09%,1.52%,0.00%,3,0,0.67%,0.00%,"￥3,300",￥0,1,0
B092D85L73,B092D85L73,ロイヤルカナン　猫　おねだりの多い成猫用　ＦＣＮ　アペタイト　コントロール　２ｋｇ,B092D85L73,51,1,0.01%,0.02%,62,2,0.01%,0.02%,5.26%,0.00%,1,0,1.96%,0.00%,"￥4,554",￥0,1,0
B09C7N8CLJ,B09C7N8CLJ,肌ラボ 極潤 薬用ハリ乳液 【医薬部外品】 無香料 140 ミリリットル,pr_1296040_20251120_28635054_0001,"3,967",23,0.62%,0.37%,"5,868",35,0.63%,0.40%,0.00%,0.00%,1,0,0.03%,0.00%,"￥1,550",￥0,1,0
B0FS1ZGL84,B09MPVKSWW,日立 ふとん乾燥機 アッとドライ HFK-CV1A T ライトブラウン コンパクト 軽量モデル オールインワン収納 花粉,pr_1296040_20251002_28038290_0001,"10,299",69,1.62%,1.11%,"14,740",92,1.58%,1.05%,1.68%,0.00%,1,0,0.01%,0.00%,"￥9,291",￥0,1,0
B09ZB57CVL,B09ZB57CVL,クマさんのジェルクッション L,pr_1296040_20250701_27035873_0001,8,0,0.00%,0.00%,10,0,0.00%,0.00%,100.00%,0.00%,1,0,12.50%,0.00%,"￥1,180",￥0,1,0
B0B2WL6S54,B0B1Q2C578,ドギーマン ウッディースタイル くつろぎドッグベッド,pr_1296040_20260413_30324470_0001,181,2,0.03%,0.03%,215,3,0.02%,0.03%,25.00%,100.00%,1,0,0.55%,0.00%,"￥5,450",￥0,1,0
B0B7D1F21S,B0B7D1F21S,charm(チャーム) マルカン サクサク！ かじりんご お徳用 １５ｇx３袋,pr_1296040_20260718_31677255_0001,11,0,0.00%,0.00%,11,0,0.00%,0.00%,9.09%,0.00%,1,0,9.09%,0.00%,"￥1,485",￥0,1,0
B0CDP1WPDD,B0BCJ1NK3Y,ショーワグローブ【食品衛生法適合】ナイスハンド きれいな手 つかいきりグローブ 天然ゴム 100枚入 M 1函 ホワイト 左右兼用 粉なし,pr_1296040_20260613_31198686_0001,496,22,0.08%,0.35%,718,32,0.08%,0.37%,0.74%,6.67%,1,0,0.20%,0.00%,"￥1,600",￥0,1,0
B0BD428L2F,B0BD43NW2J,極みのAg+抗菌綿棒 紙の個包装 100本入×15個,pr_1296040_20231218_19345060_0001,48,2,0.01%,0.03%,53,2,0.01%,0.02%,3.77%,0.00%,1,1,2.08%,50.00%,"￥3,580","￥3,580",1,1
B0G2XYFY5M,B0BSFHF9JQ,フィリップス 電動シェーバー 5000シリーズ やさしく剃れる,pr_1296040_20250709_27132411_0001,"57,262",302,9.01%,4.85%,"85,066",457,9.10%,5.21%,0.00%,0.00%,1,0,0.00%,0.00%,"￥10,958",￥0,1,0
B0BV9FG7LH,B0BV9FG7LH,ZENBUWASH 王様戦隊キングオージャー,pr_1296040_20250909_27762962_0001,38,2,0.01%,0.03%,51,3,0.01%,0.03%,100.00%,100.00%,1,0,2.63%,0.00%,￥850,￥0,1,0
B0BX2RL7ZX,B0BX2RL7ZX,ペティオ (Petio) 猫用おもちゃ とぎぐるみ 組み替えられるハニワポール,pr_1296040_20250502_25798139_0001,67,0,0.01%,0.00%,84,0,0.01%,0.00%,90.41%,0.00%,1,0,1.49%,0.00%,"￥1,480",￥0,1,0
B0BXBPLT8T,B0BXBPLT8T,ソフラン エアリス プールサイド (ネモフィラ＆ウォーターリリーの香り) 柔軟剤 本体 480ml 1,pr_1296040_20250717_27219403_0001,627,8,0.10%,0.13%,835,12,0.09%,0.14%,3.03%,0.00%,1,0,0.16%,0.00%,"￥1,150",￥0,1,0
B0BXPZD8FM,B0BXPZD8FM,レノア アロマジュエル 香り付け専用ビーズ おひさまフローラル 本体 470ml,pr_1296040_20250927_27981023_0001,99,2,0.02%,0.03%,132,2,0.01%,0.02%,12.40%,0.00%,1,0,1.01%,0.00%,"￥1,500",￥0,1,0
B0C3X5WM97,B0BYRCK3YF,"Nike メンズ ダウンシフター 12 シューズ、ブラック/ブラック (Dm0919-002)、9 ワイド, ブラック、ダークスモークグレー-パーティクルグレー, 9 Wide",pr_1296040_20251119_28614839_0001,59,0,0.01%,0.00%,73,0,0.01%,0.00%,17.46%,0.00%,1,0,1.69%,0.00%,"￥19,800",￥0,1,0
B0C2P37K82,B0C2P37K82,Earth Pharmaceutical アース製薬 イヤな虫 ゼロデナイト 6～8畳用x2本,pr_1296040_20260616_31228822_0001,"1,854",42,0.29%,0.67%,"2,343",48,0.25%,0.55%,0.14%,8.33%,1,1,0.05%,2.38%,"￥3,180","￥3,180",1,1
B0DVC1CQST,B0C57Z1XL4,フィリップス 電動シェーバー 5000シリーズ ワンランク上の快適な深剃り,pr_1296040_20250731_27361189_0001,"7,756",35,1.22%,0.56%,"11,446",48,1.22%,0.55%,0.01%,0.00%,1,0,0.01%,0.00%,"￥18,000",￥0,1,0
B0CB65N8RC,B0CB65N8RC,ファブリーズ 消臭芳香剤 消臭+抗菌 トイレ用 フレッシュ・クリーン・ラベンダー 6.3mLｘ2個,B0CB65N8RC,141,3,0.02%,0.05%,198,3,0.02%,0.03%,2.25%,0.00%,1,0,0.71%,0.00%,"￥1,500",￥0,1,0
B0H6FG97R1,B0CBPDCQLF,ブラウン 電気シェーバー シリーズ8 洗浄機付き 電動 髭剃り メンズ 【Amazon.co.jp 限定】 8560cc 5 in 1 100％防水設計 4+1 カットシステム 進化したキワぞり刃 夕方ヒゲ、ゼロへ 電動シェーバー 【最新2023年秋モデル】,pr_1296040_20250909_27764622_0001,"90,062",606,14.17%,9.73%,"135,459",855,14.49%,9.75%,0.00%,0.00%,1,0,0.00%,0.00%,"￥26,300",￥0,1,0
B0H3KR3XH9,B0CH9ZH48V,糸ようじ 小林製薬の スルッと入るタイプ Y字型 狭い歯間にも入りやすい フロス&ピック デンタルフロス 大容量 32本入 小林製薬,pr_1296040_20260629_31405784_0001,724,17,0.11%,0.27%,"1,004",26,0.11%,0.30%,0.22%,0.00%,1,0,0.14%,0.00%,￥800,￥0,1,0
B0CNX757BZ,B0CNPCN25D,PLATZ PET SUPPLIES & FUN セーフティカラー 65 スペクトラム 犬用お散歩ライト 超小型・小型犬推奨,pr_1296040_20231208_19234269_0001,12,0,0.00%,0.00%,12,0,0.00%,0.00%,8.33%,0.00%,2,0,16.67%,0.00%,"￥4,400",￥0,1,0
B0CW8BCNZD,B0CTGVQV8M,ドギーマン 純アルミ ひんやりジェルマット リーフ ダブルワイド,pr_1296040_20260413_30324476_0001,43,1,0.01%,0.02%,51,1,0.01%,0.01%,42.86%,100.00%,1,0,2.33%,0.00%,"￥1,500",￥0,1,0
B0D6N5XP2S,B0CXJ2JXFR,ペティオ (Petio) 犬猫用マット 広々寝そべれるクールアルミピローシートHNZ L,pr_1296040_20250625_26753447_0001,84,0,0.01%,0.00%,158,0,0.02%,0.00%,31.69%,0.00%,1,0,1.19%,0.00%,"￥2,980",￥0,1,0
B0DGLWF4P5,B0D226Y7VQ,ロイヤルカナン FHN インドア ロングヘアー 猫用 キャットフード ドライ（オリジナルおしぼりセット） (400g),pr_1296040_F_20240515_20942572_0001,27,0,0.00%,0.00%,35,0,0.00%,0.00%,100.00%,0.00%,1,0,3.70%,0.00%,"￥1,880",￥0,1,0
B0H6FX6L1H,B0D318NKLR,U574,pr_1296040_20251017_28199402_0001,559,2,0.09%,0.03%,667,2,0.07%,0.02%,77.66%,100.00%,1,0,0.18%,0.00%,"￥11,490",￥0,1,0
B0DFLQHML1,B0DFLQHML1,ユニ・チャーム グラン・デリ ワンちゃん専用 サッポロポテト バーベQあじ 20g×6個,pr_1296040_20260424_30530229_0001,3,0,0.00%,0.00%,7,0,0.00%,0.00%,100.00%,0.00%,1,0,33.33%,0.00%,"￥1,500",￥0,1,0
B0DFM3RCHK,B0DFM3RCHK,ユニ・チャーム グラン・デリ ワンちゃん専用 サッポロポテト つぶつぶベジタブル 20g×6個,pr_1296040_20260424_30530247_0001,10,0,0.00%,0.00%,13,0,0.00%,0.00%,92.31%,0.00%,1,0,10.00%,0.00%,"￥1,500",￥0,1,0
B0DGQLL9P5,B0DGQJXT78,ニチドウ Dr.PRO. ドクター・プロ ベビーミルク スーパーIGP 幼犬用 100g (3個),KI-8KXF-04UL,14,0,0.00%,0.00%,18,0,0.00%,0.00%,100.00%,0.00%,1,0,7.14%,0.00%,"￥5,480",￥0,1,0
B0DGQMHPKQ,B0DGQMHPKQ,アース・ペット スタミノール S 食欲がない時に 33g ×2個セット,HZ-GWQK-JATQ,5,0,0.00%,0.00%,6,0,0.00%,0.00%,100.00%,0.00%,1,0,20.00%,0.00%,"￥1,780",￥0,1,0
B0G1H9B4K2,B0DGQQGD2K,【まとめ買い】アース・ペット スタミノール 食欲がない時に 犬・猫用 100g ×2個 (200g),HF-1RM3-30R1,17,1,0.00%,0.02%,24,1,0.00%,0.01%,95.83%,100.00%,1,0,5.88%,0.00%,"￥3,280",￥0,1,0
B0DHJRT3H6,B0DHJRT3H6,いなば 魚八パウチ しらす入り 60g×16袋 (ボール販売),pr_1296040_20260630_31412611_0001,8,0,0.00%,0.00%,11,0,0.00%,0.00%,100.00%,0.00%,1,0,12.50%,0.00%,"￥1,499",￥0,1,0
B0DJCXYHLS,B0DJCX5CCW,ニチドウ 毛玉クリーン60g (3袋),AZ-TW4H-CXZ1,8,0,0.00%,0.00%,11,0,0.00%,0.00%,100.00%,0.00%,1,0,12.50%,0.00%,"￥2,680",￥0,1,0
B0DMF4QD8H,B0DMF4QD8H,国泰ジャパン secret base ステップハウス 交換用 爪とぎ 猫ハウス キャットハウス,KF-NTR5-0U65,6,0,0.00%,0.00%,7,0,0.00%,0.00%,85.71%,0.00%,1,0,16.67%,0.00%,￥798,￥0,1,0
B0DNTFK76H,B0DNTFK76H,【セット品】黒瀬ペットフード mania(マニア) プロショップ専用 中型インコ低脂肪 1リットル (x 2) 小鳥 餌 バード エサ,DE-FIL5-RHQ0,37,1,0.01%,0.02%,44,1,0.00%,0.01%,97.44%,0.00%,1,0,2.70%,0.00%,"￥2,080",￥0,1,0
B0DPZ3C1WC,B0DPZ3C1WC,ユニ・チャーム グランデリサッポロポテトバーベQチーズ 20g,pr_1296040_20260424_30530126_0001,13,1,0.00%,0.02%,14,1,0.00%,0.01%,92.86%,100.00%,1,0,7.69%,0.00%,￥499,￥0,1,0
B0H8BXC94Q,B0DSJB2627,ブラウン 電気シェーバー シリーズ9 SPORT 電動 髭剃り メンズ 9360cc 【Amazon.co.jp 限定】6in1アルコール洗浄システム付 シェーバーケース付 ブラック,pr_1296040_20250716_27203644_0001,"190,971","1,713",30.05%,27.51%,"297,002","2,388",31.78%,27.24%,0.00%,0.00%,1,0,0.00%,0.00%,"￥35,800",￥0,1,0
B0FVVCKSGS,B0DSPH9P9F,クーリア シール プレミアムオーロラスポンジシール マジカルウィッシュ 91151,pr_1296040_20260704_31478559_0001,725,4,0.11%,0.06%,950,5,0.10%,0.06%,4.26%,0.00%,1,0,0.14%,0.00%,￥507,￥0,1,0
B0DZ2G6JDY,B0DZ2G6JDY,ペティオ (Petio) 猫用ハンモック necoco広々涼めるキャットハンモックHNA グレイ＆ネイビー,pr_1296040_20250625_26751915_0001,534,2,0.08%,0.03%,739,4,0.08%,0.05%,4.98%,0.00%,1,0,0.19%,0.00%,"￥2,380",￥0,1,0
B0F2SN45YZ,B0F2SN45YZ,ペッツルート (Petz Route) もっと虫よけ エリアスマイル 70日 S うさぎ 超小型犬・小型犬の散歩用,pr_1296040_20250628_26989407_0001,26,0,0.00%,0.00%,35,0,0.00%,0.00%,90.00%,0.00%,1,0,3.85%,0.00%,"￥1,150",￥0,1,0
B0F65744TW,B0F65744TW,【Amazon.co.jp限定】 タカラトミー(TAKARA TOMY) リカちゃん ドール おでかけワンピースいっぱいセット 着せ替え おままごと おもちゃ 3歳以上,pr_1296040_20260305_29862659_0001,224,3,0.04%,0.05%,266,4,0.03%,0.05%,0.00%,0.00%,1,0,0.45%,0.00%,"￥5,980",￥0,1,0
B0F9DZL2MG,B0F9DZL2MG,[DERMASHARE] 美容液 スティック バーム バクチオール エイジングケア 高保湿 容量13g ダーマシェア,pr_1296040_20260725_31765809_0001,50,1,0.01%,0.02%,65,1,0.01%,0.01%,73.33%,0.00%,1,0,2.00%,0.00%,"￥1,480",￥0,1,0
B0FGMHTKKM,B0FGMHTKKM,【2セット】 パナソニック Panasonic 洗濯用洗浄強化剤 極ラク汚れはがし N-GY1 [900ml] キャップ付き kao 共同開発 洗たく （汚れはがし剤対応機種専用）,pr_1296040_20260415_30379465_0001,592,10,0.09%,0.16%,797,11,0.09%,0.13%,0.00%,0.00%,1,0,0.17%,0.00%,"￥3,300",￥0,1,0
B0FGWZ4GPH,B0FGWZ4GPH,[シールシート]ボンボンドロップシール/ゆにこんボンボン,pr_1296040_20260709_31556395_0001,915,0,0.14%,0.00%,"1,192",0,0.13%,0.00%,3.66%,0.00%,1,0,0.11%,0.00%,"￥1,000",￥0,1,0
B0H8F5WT8Z,B0FRRCKTGG,【大容量】アタックＺＥＲＯ 衣類から洗濯槽まで、アタックＺＥＲＯ液体史上 最高峰の消臭 ドラム式専用 つめかえ用 ７８０ｇ 本体 ３８０ｇ,pr_1296040_20260718_31677497_0001,446,5,0.07%,0.08%,484,5,0.05%,0.06%,5.01%,0.00%,1,0,0.22%,0.00%,"￥3,068",￥0,1,0
B0GRSV7W2Z,B0FRS8Q4SR,クーリア バインダー バッグマイシールバインダー スイートピンクタイム 01113,pr_1296040_20260330_30175420_0001,124,0,0.02%,0.00%,190,0,0.02%,0.00%,16.48%,0.00%,1,0,0.81%,0.00%,￥880,￥0,1,0
B0FRS9W3FT,B0FRS9W3FT,クーリア バインダー マイシールバインダー 平成レトロファンシー メモリークローバー 01147,pr_1296040_20260525_30949548_0001,611,1,0.10%,0.02%,865,1,0.09%,0.01%,12.30%,0.00%,1,0,0.16%,0.00%,"￥1,000",￥0,1,0
B0G4868QSM,B0G4868QSM, ,IY-33TK-6X6W,7,0,0.00%,0.00%,11,0,0.00%,0.00%,100.00%,0.00%,1,0,14.29%,0.00%,"￥2,280",￥0,1,0
B0G488RGW2,B0G488MRHS,クーリア シール スペシャルもっちもちシール ハムハムエンジェル 01195,pr_1296040_20260709_31556487_0001,635,5,0.10%,0.08%,779,8,0.08%,0.09%,12.76%,0.00%,1,0,0.16%,0.00%,￥600,￥0,1,0
B0G488RGW2,B0G48D3D95,クーリア シール スペシャルもっちもちシール パクっとモグモグフード 01194,pr_1296040_20260709_31556476_0001,661,14,0.10%,0.22%,836,19,0.09%,0.22%,21.40%,11.11%,1,0,0.15%,0.00%,￥650,￥0,1,0
B0GCCS4L9K,B0GCCS4L9K,P＆G ボールド ジェルボール4D 心弾けるホワイトティー＆フローラル 詰替 超メガジャンボ70個,pr_1296040_20260330_30169979_0001,39,1,0.01%,0.02%,47,2,0.01%,0.02%,14.89%,0.00%,1,0,2.56%,0.00%,"￥3,200",￥0,1,0
B0GSQG9BX9,B0GSQ9KN3R,クーリア バインダー マイシールバインダー こびとづかん 集合 04810,pr_1296040_20260516_30817248_0001,963,4,0.15%,0.06%,"1,301",9,0.14%,0.10%,3.63%,0.00%,2,0,0.21%,0.00%,"￥1,980",￥0,1,0
B0GSQGJVRH,B0GSQJQVMG,クーリア シール キラシャカジュエリーシール フラッフィーコットンキャンディ 01207,pr_1296040_20260709_31555939_0001,618,4,0.10%,0.06%,735,4,0.08%,0.05%,8.83%,20.00%,1,0,0.16%,0.00%,￥500,￥0,1,0
B0GTNG6XZR,B0GTN71Q6N,クーリア バインダー キラキラシールバインダー ハートA 01282,pr_1296040_20260709_31556634_0001,385,0,0.06%,0.00%,571,0,0.06%,0.00%,18.18%,0.00%,1,0,0.26%,0.00%,￥600,￥0,1,0
B0GTNG6XZR,B0GTN92Y74,クーリア バインダー キラキラシールバインダー デイジー 01281,pr_1296040_20260709_31556613_0001,384,1,0.06%,0.02%,542,1,0.06%,0.01%,17.62%,0.00%,1,0,0.26%,0.00%,￥600,￥0,1,0
B0GXMTZGHS,B0GXN9CDT3,ゴン太の歯磨き専用ガムSSサイズ L8020乳酸菌入り 低脂肪 2種 アソート 120g ×2個セット 国産品 (2袋),HZ-GO1M-Z1Z1,25,0,0.00%,0.00%,30,0,0.00%,0.00%,100.00%,0.00%,1,0,4.00%,0.00%,￥999,￥0,1,0
B0H5QL7Z48,B0H5QL7Z48,ユニ・チャーム ソフィクール超涼感デリケートウェット 8枚×2個パック,pr_1296040_20260730_31830127_0001,18,0,0.00%,0.00%,22,0,0.00%,0.00%,9.52%,0.00%,1,0,5.56%,0.00%,￥750,￥0,1,0
B0H6LNW7QD,B0H6LNW7QD,ニベア クレンジングオイル ビューティースキン 195ml×2個セット オリジナルスパウトパウチ付き メイク落とし クレンジング オイル W洗顔不要 濡れた手OK 毛穴 汚れ 角栓 ウォータープルーフ対応 スキンケア 保湿 花王,B08Y95LNR1-2,10,2,0.00%,0.03%,12,4,0.00%,0.05%,100.00%,100.00%,1,1,10.00%,50.00%,"￥2,780","￥2,780",1,1
B0H7FL2FYZ,B0H7C6TPM9,【まとめ買い】ロッシモイストエイド 馬油ナチュラルミルクローション 485ml×3個 オリジナルスパウトパウチ付き 大容量 ボディミルク 保湿 乾燥肌 全身用 家族用 ポンプタイプ スキンケア (3),8T-YV6L-BK10,9,1,0.00%,0.02%,25,1,0.00%,0.01%,100.00%,100.00%,1,1,11.11%,100.00%,"￥2,980","￥2,980",1,1
B0H7C6TPM9,B0H7C6TPM9,【まとめ買い】ロッシモイストエイド 馬油ナチュラルミルクローション 485ml×3個 オリジナルスパウトパウチ付き 大容量 ボディミルク 保湿 乾燥肌 全身用 家族用 ポンプタイプ スキンケア (3),8T-YV6L-BK10,50,1,0.01%,0.02%,58,1,0.01%,0.01%,100.00%,100.00%,1,0,2.00%,0.00%,"￥2,980",￥0,1,0
B0H9F4SXZP,B0H9F4SXZP,【セット品】アース製薬 サラテクト 虫よけ 2種セット 大容量400mL 無香料スプレー＋BIGサイズ虫よけシート20枚入 携帯用 蚊 ブヨ アブ マダニ トコジラミ アウトドア キャンプ 防除用医薬部外品,AST-0013-3414-6317,38,0,0.01%,0.00%,43,0,0.00%,0.00%,100.00%,0.00%,1,0,2.63%,0.00%,"￥2,480",￥0,1,0
B0HB31Z1Y8,B0HB31Z1Y8,【まとめ買い】プライバシー UVパウダー SPF50+ PA++++ メイクの上から使えるUV 2個セット 日焼け止めパウダー UVカット テカリ防止 化粧直し 紫外線対策 黒龍堂,4901477705435-2,11,0,0.00%,0.00%,13,0,0.00%,0.00%,100.00%,0.00%,1,0,9.09%,0.00%,"￥2,780",￥0,1,0
B0HC1DP7RM,B0HC1DP7RM,【セット品】クーリア キラリン ウォーターシール 6種セット スイートマジカル はむはむハムちゃん チャーミングルーム きらりんエナガマーチ ももいろみるく マイスパークル キラキラ デコシール 立体シール,AST-1759-1766-1773-1780-1797-1803,10,0,0.00%,0.00%,12,0,0.00%,0.00%,100.00%,0.00%,1,0,10.00%,0.00%,"￥1,980",￥0,1,0